id,polyline
6169988304,onajHcjir@Ie@Em@AqADq@P{AFSFGXGrAGvBNlASp@o@LGvABlAGxBPr@ILG`@i@nCaB|@[xAqAJ[Gi@_@qA]cA[q@Q}@C_@DQHQPGRDn@zARZNJRA^StFmFhAw@dAO~ARn@BRE@IEG{@IyBi@KIMY_@cDSyBAc@YgCMaBWkB}@oLW}AU}BY{DKoBAyB@uEHy@DQZOfAQfA_Aj@s@\_AR{@Dk@@{BDQ|Bw@dAm@Xa@@WGQsAiAeAyAMc@DWx@_CRo@f@_Ax@Ej@Ij@SrB]^Yf@ExCs@fAe@TSAHHS`@i@^p@dA`C`AlCh@bAvB`F\`A^|AVt@\n@x@~@n@b@~Ah@b@TN@DABQYuF@}@j@qFd@gGbAqBh@}@lAyA|@qAXU^Sf@Il@?RLTr@d@|@^tADd@BjAAb@e@zCk@rEIfEFrDVdDTjB`@pBHLPBd@Y\In@e@hBw@tBkAdCiAr@e@`CgA~@q@NAoAp@EHIb@CjAAxDM~B@|CIbD@jADt@?v@LNM\m@dAc@^c@J}@Cm@WcASeB?y@v@a@h@WR_@f@}ArAk@z@c@`A_AzA[Ra@JY?MJa@?eC^qAd@]T[Hi@Xg@PIBGLHXn@bApA`B|AxB`@t@z@dAl@bAxB~CVX\TTb@|DdK?R]p@Sj@s@T_@Eq@HqBIu@DgCIo@Dk@Ru@DuD]cEq@o@?uALsAYwBeAy@@s@G}A_@q@Ym@YqA{@q@k@uAyAQM_@Bg@T}C]_@KmAAWF}@f@{@~@yAjAiCbCOASOm@oASUQMMDOTIRCb@h@rBdAzCF`@C\QVg@JmAj@_DjBM[{@}EYeAe@gC_@_B_AeDeB{EiBoGg@qCiA{EIo@Oo@SqA{BiKg@k@w@iB[W}@gAg@g@U]WSiAe@kBY[f@[~@Kt@]lBUlCQbAOd@cA`EQ|AItA_@jBoAnLYfB]vCk@dD_@zA[~@Op@{@fFQtCAfCBh@NxARfA@tBJbC@tCJrAVjBJjBFLJEZsAd@[|@kA^Od@AFDDRNxCFdBLr@Dj@FDVD`@GxBTfDKz@InBPl@Gx@WNMDMCeBLkFEuAD]LKLCzABn@Fl@IOMoANs@@q@MQUG[C_AIW?QDABL
6159690403,{majHqhir@?d@En@B`AGnB@jADvAJv@ClCJbB?bCF~AC^Dn@Id@IF_AKM?EFCFCVYLG?SKs@Ck@FOFIPGr@GT?TFfACd@Wp@CH]f@It@CbACRo@f@KNKXC^Dx@AdA@v@BDXNd@j@N\Rz@L`BATKp@J|@Bx@CfAIj@Gn@Kf@K|CQvAEJQVGZBPJXMnBAjAGfAe@tGMn@URMnCOl@c@rAMl@Q\[~@SXM`@c@v@{@rAIf@Ab@J~@@~@FPFD`@B`@?rAD\@\FTPFJChATVLF`@Jx@Cd@Hd@@j@B|@@n@Hr@BLBFHFv@@tCD\^Zx@`ATPn@\BF@^KdB?JJp@?\?jAMtD?~@JLTNz@JV`@JHVDv@DB@DH@z@KrBCfCE~A@JKn@F`CIpB?jABRLZFt@Vl@\XDRGrAEZ_ArA{A|AeAxAgAnA_Ar@}AvAyD|C]ZiAfBST]Vc@l@OXg@l@cAvAKFGGUi@s@o@KGUEq@AcBJm@IGEEMQu@EW?sBI}@E{@DaBCi@KgAAg@D[CmAMeACcCDaAToAHwA@_@GmDHmADaB`@uBh@wBHi@p@{Ct@_EFi@?_@F{@Cq@Gu@CkD@a@JoACaAD[XgADaABqAE_B@a@DQDEDEZGDGBeAAQQM[GKKIOCKCQAm@BIFQVYd@s@p@oAtAoDP[L]Ve@z@sBP[\eAVUd@gBp@yARu@Qi@AWBoANmAB{@Du@Aq@@[Go@?WDi@Eg@L{B@uDFa@J[TyAJs@?SCOIQ[a@uAaAu@{@KWMq@c@aAi@cBCYDUJo@Vw@Jm@H}@Ao@BY
6150193102,snajHejir@AiAKeBA_ADcBFQGkFB}@LGx@AzBbAV?HADEBG@e@KgCAmBOsBMeAIsBDaCHMHG^Ej@BXQl@Yf@CFIDUOs@k@mBKm@W{@Wq@MgAUa@GQi@_DQg@YwA[eAIeAKq@GcAUy@Ko@Uo@Ow@Oe@w@gBg@e@o@w@YUGIYm@Kg@UQg@MsAe@c@YCE?MBSDE~@w@b@g@jAcAr@g@XKn@c@n@k@`BiA`@e@t@mAf@eAXu@Ru@R{AXuDRsAZeAVe@V_@VYl@a@h@Of@E`@@n@Ll@X\TDHBJ?HQr@Gd@HnB`@jCVbA|@fELrA\`BP|AVdA\lBnAvI|@~ET|@d@pAzAnH|BzOLfBLp@Fb@JvBD|ADRH@FAb@S`@Mp@CV@zB\b@HZ?z@Kf@Oj@U^[T_@L]p@qDd@eHJo@j@oBFQNMPGxC_@p@M^ElBYj@C~A@lCJrCGJ@RL`B|BvAhBl@bAdFpHn@dAt@r@j@`AlDxIZ`BTtCNhAVrCFrAL~A@n@Ff@PpDHbAFtC`@pFPrATvCDlA\bFBfAJrCUfA?v@Ut@_@xBUh@Ix@g@vAo@rDs@|BCVAr@I^KN_@J}A|@c@No@^OBa@BQAo@YGGOYECq@OW@EAGO?OO`@IFoAXwAReBZmAJi@@yAPqBZ}@Je@TU?EIE_AEsA@g@Cg@BSDGb@I@IAk@Eg@EkAF{AJi@E{BD{BC_EBq@DT@NCnK@r@Kp@?JRpC@|@HtA?jCD`BAtAYrBOn@ONID}AIa@M]?_@FMFe@d@KRSh@Kl@?t@D`ECn@Ib@Yx@Y^{ArAg@j@IDKKm@oB]i@IEk@Ki@a@mB{B}BwCmCsAy@Ya@Sk@_AIMGAEAYNM@c@Km@EwA[]@[EY@QQQEQ@w@GOEa@Ay@Mc@DuAGsB_@w@AMSK?CGBi@GKcBQ{@OmAJq@Wg@Kw@[sASiA[aBoAq@UuAq@w@y@GQK}@u@cBWqAAULq@Xw@Lu@BaAAi@BwBAcAEm@?OVyABIJAl@ATINMZCRGNAbAUfCVNIBM?YEoC_@sKBeFAsBBWJOp@CJC
6135453596,enajH{hir@ASFu@@uABe@Ck@Ea@I[KQUQw@WaBQcBAMGMQMCS?gATmALyCm@y@G_@OOVSJ_BAeAQKIKQQcAEe@RqCEQa@QKOOYa@][KOKMSO]y@yBa@w@i@uAiAaCi@_AWcAgAeCEUMeAq@iCGa@HuAP_AJa@@KCMcAw@MGo@Ao@JWEIK[o@S}@s@kAU{@a@mA[uAe@{AIc@s@mB[sAcAsCq@wC_@mAWgAy@qBKm@o@cCWk@a@mA[qA_ByEQu@u@cEIk@y@qEIw@}@sFUgAU}Aa@aBSqAW}@m@mA[w@]iA?WHMZEnAq@^[dDuBbCoAz@]pAa@d@YdCk@\OXc@t@k@\e@nAsAPWn@qA|@uBH]Dg@FShAiCbAaAdAm@fAUfAFt@TVLz@|@b@x@pAvCl@hAz@|BZp@vAvDz@|AX~@?VG`@BJt@VJCJSHc@Cw@l@sFNgAR}BLu@T{@XyAHqAb@{CPkBDuAb@kETaD^aCJ]DAD?DJ@d@DTpChCl@t@dBvC`BtD^lARb@TRVJ^Ff@NFLGnA@xBFlAAj@DfAXrAFfAJd@N^j@|@RPh@DFDBHBTOfC@|@JpA~@dGnCtOj@zD^tBZzAl@bET~@d@dAv@fD\fALv@TdA|@pG^zBh@jCb@zCvAjINp@t@zBPv@`C|NH|@Px@V`BL|BTnAVzEFVNDn@WdAMz@Pb@An@Jz@Fn@Mz@G~@[b@g@J[j@qDVaCPaC\gB^qAVYVOjAOnAc@zCg@V?FABMEOKIMJOV_@Ni@Lo@D_C^c@?a@TGHe@lAWdAYlBEt@UpBk@dDKz@Qf@ST_A`@uBVkAAmB_@mALu@`@]^aCnByAtAk@d@WCMKa@aA[i@YIULKNENAP?Z@Lj@jBhAbD@RAVOTw@^}@f@_@\?VDr@j@lCJv@@bACr@Ef@?f@MbAJpBJ|DH~@CHGDqBQIDCJAx@?~AKbADh@`@|AF`@E`AIRG@aBUg@@_AX{@f@}A^oC~@e@He@TyBz@wAVs@RgA?}Ck@m@QKQCOQyC@uCDeAE_@Mu@Co@L{EAi@MqA@g@GcADmBF_AAuAIiA?[BIHKPClA@v@Ft@Oh@FTHDPDjAHpADhA@dDDfA@zAAs@BoACcBEW
6120520005,gnajHkiir@EkB?cACy@Bo@Ae@@QFGLCdC@rBQxA?rAGzBUdAN|@Al@DJG`@o@b@_@x@[h@a@XOh@IxAuAlB}@^MRRJr@VbAZ^v@|DTt@RnAbCdMTxAfAxE\jCJh@PzAPt@TXp@J~CDf@TdAGjDPb@AVJt@Fl@MpCFxACb@DtBAxBIbCBzEQ|GA`AG|B?|BGxAg@~A[nDyApByAlCyBh@]hB}@vDeAnCMpA?|ANhB^`A`@~@d@d@\fCxBlAp@j@l@jBjAfALXHf@BTIJg@BGF?z@Zj@DJRJF`@EPSzASnAHtBCjKeAdCEtBQxA@|BWhAUtEYhDg@j@S^Dl@OnBC|C]DDF~@HHT@~CQVWvAAjCWpBSx@[xBQr@K|CMjBOtDEjAK|EB`AEjDHjAIbADtAARDADAEq@KaCFqAC_CF{@Ce@BcAGuDAoBHsPbA_AX{@@kFh@o@JSPKBwHVaE\Ew@MSE?{@ZyEl@cIp@cADg@EqBHeF\gBP{@PcCPoCJ{@Sk@JYAwBL_AMk@_@UFqBBk@JY?k@s@c@Q{@q@a@i@eBqA]a@gCqAoAc@oBe@kBG_BBcBLuA^_A\uC|A}GfF}Bx@O?]Uq@sAQ??TPlAHlAJv@AHIFOKq@L{AAaMRiCHWFOZCTEHQ]aBCUM_FBqCLm@LoC?u@OwAIO?]Lu@MgDEYMcA@GN?\JdAFpAR|BV`Bn@rCbA|E\lC`A~D`@pCn@vCJ^v@\|@|@BJAFMBi@Ig@Dk@X[`@]z@Il@CxAF`B?j@KnAMl@O\UXo@l@u@h@UVs@nAUJW?c@IMKmCaEu@{@_@GaBIiBCc@Gm@[oAAaAMICM_@G@IVOHk@Aw@TuAHm@OwBWqD[eBGgAOyCCmBOuBDyA]g@HY?aDk@uA@IGM_@?qAL_AVy@Hw@Ag@EYK]IM_@Q{CWsA@{AFOEEIU{AAe@HeBPo@Dk@ByBAy@J{DB{CESS_@g@{@eAoCC{@BeACs@EOMMgACMU@aAGqAGgD@gBAgCF}A?w@SyBGUWo@Y}BIcCUiDBeBUoBDgAr@qERcCN_C\iCv@qDFKPAvAb@j@`@NVFV@JEj@@PDHtBpAx@|@\Th@D~@CxB_@`AIzABd@LL\B`@Gp@CxAIpA?|@DbBCp@
6112206506,qnajHeiir@K{A@oDCk@DSDKPA~AXR?z@IfAWn@AvAM^A\HL@zBWl@Bl@EjALlBlAb@d@HLHRBx@XlD?j@ThADf@?l@IfBD|@?vEDhDAj@KRUBgBCu@Ou@EqATa@POPOHQDY@QDeCz@{@Rm@^u@RaA^i@\KB{AHY?q@M[M_@GQ@SHQ@aAW{@Ka@AoAMk@Em@KkAJGGGUEcAG{@?y@FaAG{ASkA_@_FGs@Aq@Go@?a@OyAKcBFuB?o@GkA@YFELCzAApAL`ADJAh@Qj@Mb@ErDEt@E|@HHN?NOdEBvAAlANvD@bAIhD@X
6101141502,gnajHeiir@@WAqAOiACo@Bm@EgAEIWM]GO@]RM@sAYI?YFc@RI@o@@_@Fm@BeALk@IQIKo@IMeBC_@GM?cBf@QBU@yAGGCMQGAk@AEOC?e@n@eAr@K@a@KWCu@d@]JKJYEKUCQE_CS_A?YH}AAa@I]O[S[Sg@Kg@Q[OIWEUQU?_@Ea@KGGGQMoBGa@AgAXeCDkBF]?SCg@IOSMAGBqBAIEEIAE@CD[t@a@TEROjAIP[TWHEPOvBGn@CFIDWBMDGRUbC@x@ATEDMDa@EG@c@d@o@fAG\BT[b@]rASzAWt@SfAu@fDSdAU`AMb@u@jD_@|AKL{@?qAIMOCe@Bi@BwBH{BAaAB}BC_@PgBCsBEo@FoAR]DSEs@Oe@AKFmC?uANiG@iD[wACc@?qA@wBBg@AyAFgBAiCDsAAaAB{@CqALeEBIJGFOHo@?SKwAG}B@GDKNGZ?ZEd@WXAHCbAaA\a@HUAUEIy@kBa@oBEg@Bk@AOKw@SWMYgAeAQa@Ay@_@eEYoBWmAEc@?SBIV[RKb@M^Y|@g@t@Mx@[h@Kr@Sv@Kv@@@EXMVCj@Or@Kh@AVH~@Jh@E\Fj@?x@QvBBdAXtCXv@P`A`@PPDLFTAJMv@OtBWfBShCAf@F`@Zh@B@XBP\JLb@PlC|@f@RFHFT@p@DPDBRBZLNJNRPp@l@zDb@|AHHLDdABFBDPBbAJ\BPR`AHPXR`AXFFDP@NEv@@zAAfAHnDAvCEl@?x@@lELbB\xA@bAPjCAdAFpCJfAD|@?rAHf@Hx@JVFFLBXC`@@LDJTHdCJz@@VHn@JxBFhBEbCBXH^NVxANJHDL@`@ClDHtAL\?N
6090878649,{majHuhir@GfBBj@Gf@@~@HT?HMvABpACx@NbAHlAEz@?XNhB?rDFn@BDD@P@VCnBi@RMRE`AYxAo@h@Kb@MLATNDFBNDFLDP?lCcAf@MR?JHn@fAh@n@bA`Bj@dAr@v@z@lA`BlDNd@H`@r@vFNt@EN@JFHRLl@RH@TGJ@JRRbAJbAP~@nAnDJf@@XIx@Cz@BTFHd@^RZHTD|ACrADp@DTX`@dApBrA|BHR?PBJZTXd@pAhARXDBV@f@UBDJ`@DrACjE?dAFhCF`@CbAH|A?^Ql@g@UGIGSCDIXSlAmAdFGLE@WMEAIPkAvGQrBMh@Qb@Mj@oApECxAKd@GRAJ?LNp@Fh@ApAMxAOn@Od@[j@y@nA]n@Qj@eArEa@|@m@jBMVm@bAg@n@Wb@u@bAm@l@}@bAYf@u@zBORw@d@aCbAwBbAi@l@yAhAKLWt@c@n@sAlAy@f@}@TQZKJ{Av@iAv@k@l@{AhAWVyAbASTw@vA{AhAY\aAj@UH[Vc@PUPUHOCSI]CKCA@y@Y_AO[OQUGQ_@oBOW?g@Cu@PqDQqB@_BMm@Cc@AWJw@@YYyBDaAIu@Eq@EeCB_BHg@XeAHo@Du@CqEHgCASWg@CQDu@@mELaGVuDAq@FwA?WIaAAaAHcCByDH}ABoCC_BEa@DS@aACsEBw@Cw@@_AGsC@i@Eo@Bm@Cm@@c@H[@WEs@CkADm@?s@B{@@eBAg@D{@C{@BaCEo@AoADy@@mAGi@@gDGyBLy@BGDCb@I|Aq@|@?HIBMB_@E}@BoA?yAPyD?aBDgBPyBAgBK{AMWKIiAEOEu@_@o@SSSIOEq@AuBYoG?m@Gg@Ao@UeBEw@i@}CCS@{@UoDBc@HSZ@HAh@Wl@Cr@M^MTETBRDBDHf@DDBAJ[\I^AdAKjASTKLC~@Fj@Ch@DPDH@f@Op@IN?FJFB^WrAKd@PP@|@APD\EP@TC`@@`@AdAOl@@DJ@XKn@ErBBnBC^Ap@Ef@KFw@Nu@HQ?SGID
6081067389,knajHchir@FR?\PvA@ZKtAGfD@jADf@PhEH~@?xAI`AAjA@b@FFfBWh@WfBk@l@WrA_@n@Yl@Oj@G~B{@TGlAKj@AVBf@IZLz@@j@St@NVA^KTAJGBMHEhAYHSpC_A\c@Dc@NMlBe@p@GJMBMCWg@cCcAmEs@}Dg@uBSoASiBc@qAQkAc@kBaAsCIMKEG?kBx@MGcAaDw@wBKa@?WDORUJGJ@HHl@vAPVHHLDXCTSxB{BvBqBFG@S_@gFUaBEcBSqA_@iCOc@KcAOq@Im@Ke@K{@s@aEo@oCKm@[iAu@eFo@cDg@cESmAWcAYkBAQBe@IISs@k@{CWcAi@_Bo@sCMc@Yk@[uA[yBO{Ai@kCOoAGy@g@}B]gAi@sDEy@{@oDUaBGs@SkAMwA@gEGc@MGK@JAJGJSf@gCFuALy@p@uBHILC@EAAEBMLWx@Yn@O~@MxA[dBEx@CJMFG?i@W_@e@]}@Iw@G][a@I]AOD_DG_C?}@Bw@Ee@EFC?cA]k@g@ISQq@sA_D{@_B]c@]q@SWkBsBsAoAES?e@CGCAMPOv@_A~HGfAO`BEzAa@rDg@lDYzAe@fDi@`GK~B?FDFGAUhAMb@MdA]lBQ~AGdAMv@OpBIv@AbASjBKhBQpBa@`CO|AKbBm@vE]xB[pC]|BGt@GtAMjBMnAo@dEEhA?n@WbAMp@]hDm@|EMfB[tCUvCEbBw@|FAb@D`@XvADz@Fn@Nj@Jn@Nb@zClFb@nAlAxCLd@Zn@ZZ~Ax@p@r@JVBZIvAC~B@r@Bh@Jn@NxC?bEHnABxATdF@|@DVTVFLRz@R\DR@dDEzB@NDThAX~@Hj@CLCPGl@IV?b@Ht@Rd@RRBfBF|@?`CNt@?^Id@F\?dAItAWXKhAi@\Kx@]rAYJGFOAmAFaA?oALuA?YQcBF_AFuC@eAEmBKKu@M]Eg@FSAe@H]Bs@@[DSAo@Pm@D
6067651728,inajHehir@A\DvDCdAHjABdAAnBBNJJlB?h@Gt@QNDRXNDFA`@Sr@S~@AvAG`ADn@GLEFOHyBHo@FOLAnBVhAMxAEJQFqACo@M}@Ci@QyFAiA@}@GWSk@Mk@QsBAUHQJIfA_@x@_@RWLq@?KEWkAeDc@{AG]C[@_@FIHEL@JDX^`@bANRPHRA`@YlBqBvAoAd@g@HQG}@AkAScCOq@WeEkA_Gi@}D{@uFUeAc@wAWgA_AqFWaBm@iDc@yCi@_C{A{Jg@oB_@}BOsB@]Jk@?QCKKO_Ak@s@S]Ea@Bk@Ne@V[XUVg@~@c@dBGf@K~@KdBWjBk@lB}@bBOR]Ve@j@o@Xu@v@wAbAc@b@_Ar@mB~A_@`@KNEn@ETO`@Wh@Sx@UvAGx@Sz@Ed@u@dEg@dCa@tEo@nDi@fDa@nE_A~G{A`IOhAg@hCOpBE|@C`DBVFHJHPDp@?nDZDBBHA`@IDI@e@IaB_@_@?WFSRKZKr@?p@TtDBxAFxAf@|FR~A~@~CHf@Bx@InDB`@LNx@RPBx@@l@HFDB|@Fb@?f@E~@Gt@Cx@BfBCdEDPBBfBC`A@\K\QLONg@Hi@DiAB{CA[KgALqAFKDA`@BPAnBDb@@f@HNEDGHi@BETKz@ARB~@Ax@MRMDKFm@?UQw@AMDeAKyACqBG_@EIMEIAg@Bw@OOQEOKiBC_A@uBI{A?s@I_BA_BKaB?GBADF@LCjAS`B
6056096332,gnajHqiir@EQ?cAKcBCgCIQk@YcEEg@Dw@AmBXwBUg@HgA^e@DwB[q@Em@TMVG`@MrBPdEBjCFz@HTb@^T~@TDl@MNWUXg@PEHA`@?|ADx@Hp@ZbAFl@KrDG^Wp@?JPJLLRn@l@NDFAp@FdAClBJzAZ`AXvANRd@NDLGfABt@E~B@l@E~A@r@Mt@CdCG`C@d@ExAAtCW`C?p@Ol@En@k@rBQfA?p@PhELlAGNIFyA\INGd@KhACdBJnDEbCIv@EtADxAEb@_FSg@TO?qBYuE_@{EIo@[e@GQ@ILGRS|BGzDS`DGbESZg@b@Kv@DrCYnIKzF?nDIpD?lBKhBO|EAnDYp@BNHR@d@CtC@|@EpAJzBAl@MdASpD?fAOfF?lBLt@Bp@e@rRFdAB~BNvBAhAQnAOVKFs@FkHBgAZENFh@JfDIlEMp@Q^QFKCs@mAy@{@EWA[NqCNaFVqEXeIRkD@{@Im@HqDJeBHa@FoANkBPsEb@qODyCNoC@mAGSIEuD}@aAA_AUq@@qAM{B?qDc@qBA_AMuBCKMAUToC\_DLiBj@yFVuCX}BFcAXiCVmBLoBd@eEHsATkANcBEq@Ly@ZuDPmALeC?WOuADKD`@HHF?LeAJcBH]?YLw@lAiLz@_KN{@\{DR}Aj@cG`@wCRaCJk@r@WRq@RIlAMPSCgDJc@d@sAF[G{@]eACm@DgBC}ABeAX}HCg@WgAFWTa@D_A@aCF_CEy@B_BC}@Dk@Pw@F{F@aGPyCBeAGsB@_ARu@Fw@?ISi@@_BVkKA{AF{IX}@G_AFcKFaBAwCDkDRQdEOl@Sp@@n@b@Z?XOVw@PKt@HpBe@`APXA^Y^AdAa@fAa@n@a@h@UlAGBGHs@EmA@a@Fg@T{@Jy@HK`@@DE`@qARwBDkAf@qENcAFgAZwAn@eFFO~@IXYHCd@Tr@n@|AFh@Rb@f@jAtDV^`@EbBaCj@_@t@}@N??TKx@IbA?|AMpDOhAo@xCSzABr@^zB@~BHNNPFC?SHt@?p@HX`@VxCbAzAfAh@r@hB`EH^^~CVbB|AzFXpC`@rBvDlMfBtFrAnGZ~@^bCFvA\`CIbAHl@?t@KfBIvDMfAS^OLu@F_EG_@NUh@CvCMdBMJoA@m@JQ`@GpBQTwALKCMOMm@IcA?}@Ha@
6042836892,{majHqiir@MgBCKMUCMEu@CoAEc@ESEGc@MYGq@@eASg@@i@FkBEc@Je@B[?_AKm@HoA^_@BeCQ[Ge@CIAIIe@w@Ky@Cg@@WJs@ZqA?UCKMOUOaBuA]m@s@gAiDyHw@{Ao@cBa@_AMk@Ao@Le@~CkHRu@Jk@Na@Tk@^k@ZgA~AqDTeANk@PYX]\wAZiBN}APeANy@JWNy@`@[JEz@An@GFI@KHeAFKTSNa@CiH@KL_@De@?YCMEKMOOGi@Ac@DMFWhAEHEDI@_@?GECKGaAESeDeAy@]MQ[cA@a@Ls@VcCVkBBe@TgBBg@f@cERiAXaDAkAH_Bt@gFr@yGJk@DEHAF?FDb@v@lEvKPj@Nl@p@zAt@jChBrFnBdHxAbGb@xB~AhHAVCHY^_BhAq@p@s@d@{D`D@ABDDHNh@Bz@LNlDpAjAv@`@^\d@`BlDPn@T|Ap@zDn@jCFb@VnAXjBf@dCx@bDfAjDj@tB|ArELn@D`@v@fC\fB`@nANn@Jh@b@|DBl@I|@?hAa@lF?hAMdCIbECf@ITAHCvBEh@GTIDK@[I}@Gm@Nw@@w@FcC@}@H]BmA?OAKKCIMk@Ei@Cs@?yBA_@E[
6033047205,unajHghir@Ht@@fA@pCA`ALpEDNBBH?TOXIr@ONCBBFf@Nl@@dECd@@XDLNV^P|@l@H@|AYt@YxCu@TMROrAUtAMz@AbAL\CLKBMFu@N_AFi@G{BBoBAwA]iEDiAJuA@a@OsASoEIg@k@uBAa@@QBIf@Uh@MNMXe@TUFS@MAYKe@kA_D[iAAUB_@BOHIDCL?PHz@hBTTH@J?PKf@o@rDgDJQXYx@m@PCl@EvCTr@Cl@Gx@Mv@QXMVUTe@VaA^aBLmAFmAVeCl@}CL]PSHC|AM|EaAxAAbB@l@CjCJfAAXBLF\Zb@h@jB`DvDnF`BrBbAdBBRANM`@Yb@eBxByC`Ec@z@q@~@_@b@MJG@y@O_BQuAU}AO}@GqAHe@Ci@KiBaAYE_A@q@IwB{@aAc@k@[{@q@gBeBOKIAy@Dw@@aAIaBSc@A]Fq@Zm@p@eC~BUVsAnA[PIAUWa@gAWc@YGQFQZCLAZ@VtBdGXj@DFN@p@c@|@a@PBHJTfBTx@Jp@x@rD|AnHbBlJb@nBLv@CRSl@oAl@MPMf@KNgAp@aBf@I?MIa@FsA`@IFkBRUCUQs@Z]He@Fo@?oAM]By@Lw@\k@JqBr@a@Dw@XODOEEK?SDuAFo@XaBHuAEm@Wu@MaAAe@DuCFi@Ro@Ha@B[CWGMOE}@FaAB_A?}AFQMEQKgASs@GG
6020493448,_najHqgir@?h@B~@?dIFrADJJFHA\Ib@ET?JBLHFNB^?jALdBTfBFPJP@JPVDP^p@FRJv@VvA`@vCf@hCT~AP~ABd@CfBDN\^DHVfAFb@FpCOxAIPMPOJgA`@EB@FLJd@JpAJx@Dz@Jf@LjCT`APb@A|BTpAYFK?ICKKGsAQcBMeCMm@QWGyAOm@Ci@GmBBm@XGJ@Bn@NnAHTAl@JfAH`@Kr@c@PCHCDEDM?GEIWKeAMsBIQCOIEMAMQyECQEGIGKB]TcA\OJWZa@x@_@f@[z@MLK?[KkBJ_AXQ?SCaAc@}@i@a@OiAs@a@[e@u@Qm@i@s@q@o@_Aq@o@o@[[[i@G_@Cc@AsABiDLkBD_CBQNe@HKPGn@?j@EPO\QTGb@EZ@ZJl@HfABf@NJ?DKDu@IcAC{H@KHK\APGTCZ?JEBK?kAGuDCc@AuA
6010444182,gsajH{gir@@m@A]HuALa@@O?eBKcAAGGCOAi@Ni@?_@H{@Ek@Fc@Ba@IQYKGUAYB_@O]C]Iq@GOIGIMi@CU?uFE{B[i@UYOw@PcBL}ANaAAOEI[SYIaAe@_@e@ECKCYXQ\cAtAc@h@[Z_@p@Y`@MD_@Co@QOKIQOMIUQUi@cA[][o@KO[S_@_@e@_ASg@E_@B_@Jy@?Ua@aCJy@@[NcALe@@UAUQEQKQMSWQIKAaAPQAOGMMY_A[q@UW_@QOWI]Ee@Mi@Wy@[o@Uo@Mm@w@cC[qAy@iC]iBwAeFSe@Og@O[[eAi@uAOu@Ea@Ks@Oa@]a@IQWo@[kAI_@Gy@G]MYG[S{Aq@aDSuA[{A_@qCo@aDKu@OaAUaAGk@S}@Sq@Se@w@cCUe@Qw@BUb@a@b@UXWd@Q`A}@zBoAXIj@[f@[xBw@v@a@rBc@j@Uh@u@x@i@Zg@z@{@\e@pAcCRo@j@}Bn@{AVe@X_@h@g@f@UZWL?VGbA?XDp@TRLn@b@`@`@|@~Ap@~Az@jBH\@AVf@v@fBd@tAbApCr@lAJ^Ab@BJNR\NHHtArCLb@t@jBfAbC`AtC~@`CNh@b@lATz@h@`BfBfGh@hCn@dCPz@X~@@JC^BJT^f@jBNtA`@nAJt@ERm@f@uA|@kA`AwApAWNmAlAEN@HNb@Jz@HLr@TTLt@Vb@Jf@V`@Vj@h@\f@P\d@lAVb@Pb@^xAb@lCHt@dAvEP|@Fb@Z|AnAlFZnB`AtCfAvDx@xBn@xBr@pCjBtJNl@FJNBdAc@l@]xC{AVCb@URHNCx@a@XEDJPv@r@tB`@zAfAnEXdBbA~ENfAd@fCj@lCDd@O~@GLOH[HKEQa@KEOCOBYTY^Oh@AJFMBSuC\OE[Z_@j@Uj@Ot@e@R}@Fc@GIJu@FoDEy@Hs@R}@^UDm@BUHi@Tc@N]Pm@HaAb@u@X_@FQHe@J]N]Ha@@ICEIMqBCoDKmBAeCEw@DgAEcA@YEY
5996324062,enajH{hir@@|@BTFLHBf@MZCVId@C|ALdAO\ARDH?`BQbAF|AMZEt@L^?zAGjAQ\SBIE{A@kAE_AKYIGUK[]_@OuA_AGCS?QMcAKoAB[J_@DoB@]Fa@@y@@a@HW@i@GYG[Ae@DYLY@KF_@hBAzEDpAJn@Cb@Br@Az@Lz@@dBDx@@nA?\E`@?~ALxBBrA?bBBd@D^LBf@EVIXCl@Sd@GzBw@x@a@bBa@jAe@N@`@UPEZCp@O~AKf@IvAFTIBI@c@GkBFoBDa@Aw@Bg@Cs@EKGCm@J_@?g@BWFs@Gq@KUBOLGROrACv@GFU@e@PmAJa@AUFeB?s@AyAH_@FkAGOEu@DONOXEVDd@?`AJb@BHLFCf@@lACxCCBUDa@A[DSPIXEFi@S_@@[CYBOFKVIh@KTQRk@\SVGRMdACh@ElDCR[hAEp@D^JP~@b@DFBr@Az@GL]`@CRVr@Hv@T~@RhADd@ErBS`BA`@Il@DnAQ|AQj@EFG@E?SK}@\eAIs@@e@DODW@QMEEAKDs@?q@CyBDkBEg@Dc@DkA@aCDw@BQDGPEDUEiAFyB?}@A_@MKCI?_@C_@DsCCQUe@Cs@I]Wc@g@]ISIiA?iBKcAMIm@CSCECEM?_@Im@KgA@uAEqEYyHEk@s@sE?g@HaB?w@C_@MgA?SFQHEx@E`@GR?tAOFCFOCcB@YHi@DwAA{E@m@BIJGDo@Rq@`@kBVsA?e@Ti@nAcGJ]Fe@Ru@JOXAXIp@IV@JA`AWn@KRAh@BTDtAINDDL?bBGxBAvBBf@@vC?rBGHC@o@Gw@BKDQVJlARr@Dh@FnDC~ABj@D\A~@HRRVfAAPBLLDN@r@AxDFx@
5983790340,}majHghir@D`GF|D@hDDlBB`FDdAF`@ZBl@IxAi@dAYPCH?HD^\HBNCd@SbAs@nBw@bAe@n@SRENANFV\x@bB~A|BdExG^r@Rt@v@`E`@tCPt@BFLD|@VJHLRLb@RdBNl@Nb@h@hANd@Lt@Fz@IjA?v@JR^NJHPXH`@H~AHZj@n@nDtE^\`Af@XV^j@p@|AH?NEjAsAh@u@R_@Lc@Lm@D{@@i@EeBBcALw@Ng@Ve@NOTOPIb@Er@H?AgBqBQ]Oi@_AkF}@cEm@cEuB{JUoBg@uHa@iAg@yBm@wBy@}D{@iD]uC{@yFi@sCaAcH}AeK]oBs@gDGq@EoDGmBYiD]iCi@wCg@oDiAiHOm@q@oBSw@]}Be@sB_@oB_DcTS_As@yBMq@KkAKeBB_DGKMMg@Us@Qg@E]B_@Hc@Ra@Z[^Yd@c@rASrAYfDMfAYvASn@CDIBYMGAK@MLm@r@SNQD[BOEGKKYq@mCuCgM_AyD{BwHk@cBwAoDAUq@eBqE_LS]SMMNGNQdAgAnKY|BMxCGv@_BbNo@`EWfDm@xFGbBGv@oAtJg@jFaAnIq@pEq@lHk@vHXlALp@FlBDd@Rr@Pb@`@t@hAtAb@t@p@zAzAdEb@z@b@b@v@\ZTXZJXFx@EdC?pABn@PzADh@DvD@xCPrDPdCN`BDRv@zBFT@\@bAC`AI|@YxAC\@`@DLPJRFz@P\BbAATBRHF\Bl@DvDEz@YpDA~@Bn@RNx@^xAzAjAv@r@j@BGBa@A_@EOKOc@SMOIUCe@@_@DWh@gBDg@DcA?_AIkDF{@Lc@LMf@E|@@f@ATENERQFMJi@IgFAmGC}@MqBCiA?uADw@DKTK^Kb@Gr@E\?JB@J
5975572837,qmajHyfir@_@\SFSBeDJqA?oBLeDG[B_@LCBG\CvAMtAAd@DnBTvB?VCTOXSLMBQ@OEq@WU@KFKTIp@CnDDr@RNXFb@BfABd@JDFDXD~@?rEQxG?bIEbAOtAGp@?x@DvCIdEU|Ee@fC_@bDGl@@|@H~BJ|ADTHPJFRFhAHfB?b@B\FbAX~@F^H\VPZLp@D|@Cp@MrBSCU^SLSDe@BkAIu@Qk@Y[Ko@Me@Ee@BEFK`@E\?`@F~BKhDBpALPLHv@XBJKx@a@jAOz@E`AExDGp@WfBKbCQrBAx@VnC?`@Cd@UnBW~Ac@tB{@hDWvAOhAE~BBlDAjB@L\|@dCpDzChG~A`E|@rCN\DDD?VCVGb@URSl@{@Z]zA_An@g@pFcFjC_DdBaCN_@Ho@Ak@I]i@kAEWAWDc@RkADw@AwHRkL?uEPeDC_DNsDAkDHu@^mAUoDCsCVyNLmC?iHP_FHSJK^O~@OZMf@[`Ay@dAi@\YjBqBb@m@Hq@JwADUTK`AYXOQG]G{BSkBMkCc@{CYaAAS@a@LwAl@[De@?o@Q}As@qB_@_@KeCqAq@Yg@Q]C[AkDTs@B[A]GSI[UIQUuAEaA?kBFaFA{G@_C?EGCgAGQCEEk@}B]u@GQGu@?}CCy@e@oBMy@Ew@E_DGo@a@wBIi@Cu@AWBKZYZSbCaARITSLSDOFa@FgADS~@OtBMdCQbGQx@BRDFFJt@Fv@FfF
5947486612,w{{eGeyl{C]K}BKQBQHONK^MxAe@|CBd@FLLJTDdA?~BQVGVKBGB_@Ag@Ge@Mg@k@qBO]a@Q_A[[SU[e@oAOSQQKGSEQ?KBAb@JlC?dAMnBa@pCAn@@DLPz@x@jAxA\XPJp@cAPOVIbA?TELi@Bi@A]UEQ@oBXe@?a@AYGKEOMIOIk@Dk@~@}EJ]JOV?d@Fh@P^RNZPf@V`ALl@Dx@Cr@GRSPQFYDqCHqCEQEKGG[?_@VyCFkA?q@KgB@c@Fc@FSLMPGPBPFVVT`@N`@Lf@@`@En@ShAe@~BIt@?`@F`@BDXJXD^?hCMPEPKJMFUBUCQMUWEeAF]Gm@e@c@e@W]?]Be@He@JUJKNGLA\@
5937452264,w|{eGqyl{CJq@B_@?SE]K[m@gAe@oAOUKIMCk@Ji@P{@j@OPKp@An@LxB?x@OrC[vC?l@HNjB~Bn@j@XNXU\e@VQn@HX@TETOTe@Ru@N}@F}@@oBKi@Qg@Qc@s@mAUi@i@_Bi@kBSi@IIG?g@B{@Xm@`@UVOn@Ct@LfB@nAM`C_@vDARLTx@v@dApAXRXLHCz@eARKNC`AFXCVa@To@Ny@Fu@@wAAi@Mi@Y_AJPPl@N`AB~@GjAUjAQf@OZMP[FuADWRo@z@CBE?YMa@]wA{Ac@m@IUAKCo@@i@^_DJiBAw@KeB@u@Jo@T_@d@Wl@On@MR?VT\f@P^jAbERh@v@|AL`@Hb@?tAKrAUlA[t@ONsAL[HSPm@p@KHG?YM[UeAoAq@eAQe@AOBiAV}BDm@BkAC_DBy@Jm@`@i@PMZOn@ORC^@X\\t@Zx@^vA
5925807096,u|{eGezl{C\Rt@z@R^Nd@D\@ZOxCSz@a@jA[FsA?SBq@tAGFKAYKg@a@{@gAw@w@QWCO?q@XuCNeDAcFNe@V]d@UfAW`@CF@HHPZx@rB~@xCz@jBNf@Lt@ApAK`BMl@Oj@Yj@_@D_B@k@dAUTaAm@}@kA_A_AS]AIB_@j@aEFy@@gAMqC?eAF_@Vc@^UdA[l@KH?HFRX^z@~@xCf@nAz@fBJ`@Hb@@h@K|BOt@c@|AKHSF]?u@AQ@ONc@~@WR_@YoAwA{@{@SWK]Bo@d@iEFyAAm@KiACw@?u@B_@Zg@ZY`@Mr@Qh@GF@TVd@fAjApDHZ?XUn@AVFXh@nBHf@@`@A^GZ[XYJYF{@BiA?UCQGQKKME[?_@ZaDVsAXu@RE^@ZHNFTTAv@e@dDGXQd@QTSLQFa@ASIGICy@Dq@TiB@_@Lw@
5914692240,u|{eGgzl{C\hCZbAFz@@bAALGNs@Zu@Bi@H_ACe@@IEWa@K]AU?MPs@Ds@r@mDDQLEb@NX@XDj@RHK@BXnB^tABl@?hAEJGF[LcAHa@Jg@?q@GW?KEUWIY@{@H]F_AXqALqANSJCT@dARf@PLHRh@b@dBHr@@TMEUCeANO?OIy@q@Sc@OIM?KL]fAMpA?NFTPLTDtAI|BENCLGFIBI?UAs@IQi@Da@@UFK@IC}@u@W]WWEs@?[N_AJSJARBxA`@RLHJXjA`@rAFdBAXCDMNMFo@@QCYOOMKa@?{@Fa@Pe@HiAPcAEEo@Ug@IK@GF]tAGj@Op@OdBKp@ATDJBDDBh@Cx@DfAIf@@`@AHCJIDSBo@Ak@Kk@Uw@WwAEIKGy@Ys@MI@EFQb@SdBUp@]vBK`@ONWFa@?QGCI?SHy@@o@No@@k@TiBBg@OkEBQRWA?M\E\?r@Db@@dA?|AEvA?\Gr@YvAG`AHRd@ZPV\Z`@r@z@x@JId@q@HQVQ\Ev@HTCDIDg@F{BEy@EOUAg@Be@JKAMKAUPmAFu@Jm@?OECeA_@WAIL_@tAIz@UfAUhB@NJRNN\An@@nAK~@BZMPUBM?e@?YM_Aw@wCKGc@Ic@U]KSAKBKRE^I~ADRXP|@|@`@LVAbAMLO@MCSEI
5905022524,wpxfGe_miDfAS^YNUL]b@}AZy@z@{APg@BOj@w@Ra@t@iBbA{AbAeCvAwC^{AL_@n@iAjAaBNc@ZoAZi@j@o@bBoAlAoAfAo@\U^e@h@y@\_@d@[z@c@VSr@y@jBeBnAuA`@g@P]l@aCLs@JWNQj@_@j@[dBc@pAi@NEXCLBRLb@f@p@jA|@rAn@fAbA|AlA|BnBrCXl@Xx@VhADvABpC\vCDNJNzArB`@l@Vl@T~@@h@?|ABlAG|A?`@XlAnAfDPl@@p@EbB@RJZJTPTRNNFb@Hz@A^BVJx@j@\FFA@E?IGO[k@gBaCs@w@a@s@[q@_@gA_@mASy@S}AEkDDuDJqBAmAMeAmAqFcAwBUw@[uASk@sC_FWo@e@uAQe@cA}AmByBa@o@O[Os@OkBEeA?mCGu@Mq@Uk@}AqCcBgCw@eBUk@Eo@AaBDoHKq@a@kBK{@]yEGuA@eAToF\oDIqEGyAI}@g@aDi@mC[iCGu@DsDJgBDuA?kDIcCKk@Ws@mA_BqC{D]q@c@uAYm@i@{@OOWOIDIPGd@Ln@\dAJh@Cr@Ol@kAz@iB|@{AbAYLe@LQHk@p@o@j@OV@VF\hAtFhAhEJbADfBJn@V|@SXMHAVO^CRQvEKr@Yt@EX?TFp@?NEPINk@d@Y\kAbCY~@E\DTj@`A@`@EJYh@_AtAcGzKc@lAs@|CKp@a@zCUrESfBc@bFIzBQpBQzCAbAFrAGJwBJODMJKh@EFc@PGHERARzAvDPZr@bAZt@|@tDBX@t@EbAe@nEi@~Be@nCcA~Ei@vDo@hDQtAEfBC\M`@Wb@GZAXBh@^tDNlBAf@EROVEBGA
5880907936,a}{eGyyl{CAAz@zCF\JlCATINKDi@@WFYEO?u@LkAAOCMQOi@AO@SZcANuANm@Ju@Je@JMH?r@NdAXLJFJHTZhBNh@DnBKRKFu@Ne@D_@JyAE_@@KAOQK]AKBk@F]J]Fo@Pw@ZwBHQFANB`@Lx@LXNLPHRFd@Nd@VxAFlAC\CJMLQD_@B[FS?]D[@i@Eo@?MCMUESE_@NiAH]Dk@t@aDJQFA\H`A\HL[bCMf@KFG?IE_Aq@KAMHMf@]pB?^DLPLNB|@@z@Gr@?h@GVGJMBM@y@I}@}@oDSOk@Ke@QOAKBGDMVEXEv@k@~BSbAAT@ZHNXNN@PCTO\[Rg@LsAX}AHcBKI}@OIAGBMJKV?h@S~@?J@Ff@f@d@\n@\N@^MTEZ@LGBOGg@e@kBIWMQ
5877441691,{|{eGgzl{Ci@l@MA]U]IKAMF]jBO~@Qt@UtAARJXLFRBnA?\Cn@K^BLAVIXSBWGsAI[Yw@a@gBKIw@Kw@SC@EDOd@[tBk@~CANBRHNRHtAAj@IjAGj@SJOBQAe@Gm@[{@Ii@Mk@Mc@EGGDENQt@G`Ag@rC]\[b@GDc@BKCQSGQE[@_@J{@LqANq@Z}@Ny@FGLAbAZt@\F@DCBBDl@f@nBNlA@z@ANMNYNs@JwAFwAGME[k@GQA[VcANqA^uARcAHOPBZPn@Ll@TFFTt@Fj@ZlAHbAAp@GRWRw@LYAm@J}@Gc@DKEQUSo@AM@QT{@FeA^{AJu@HWLIbBb@LH@JAVQ|@Ev@c@xB[z@?F@BDBH?f@Kv@B^CJCPMFK@M@UKqAa@oASiAKUKKEBOd@If@Et@WpAMbAITU`@WNc@HM?SQKe@Cg@@M\y@FWP_BBe@DI
id,polyline
5872175094,uw|eGaul{CAh@M|@E|@ETS`@I\AX@TLj@jArCT`@p@z@|AxAf@`@\PVFxAN\LZRZf@f@dAv@xC^rCVzCB|@AREHGDMBg@CiBS{@BiA?aBU[@UDQJMNU`@IZWrBM`BErBEx@Gd@Sx@Kn@?jDA\ETGNMT}@l@}@~@m@b@YLOBEE]CQEQOIOQk@_@wBa@yAIi@Ai@Bc@j@wHLkDBgCRkCBs@Ku@WoAWeAc@wASoAQsBA_@DiBOkAWiA]qBOe@IMOQ}AIa@KSWUg@Uw@SaAQgBm@gEI[o@_B]c@a@[c@K_AEMAQMMUMg@Gg@?m@HaB?YIi@}@gESi@g@s@XAZFd@TZVrA`BvAxAzAvB^d@hChCdBpBh@f@dBlAZPLDLAb@QZCXH^Vp@t@nDxE
5855419090,}|{eG}yl{CcAAOIa@KK?MJKNa@zAEh@Qj@S`BKd@?RHZNJ\J\DVA|@@r@Kh@@`@MNQBYA_AC[Ik@a@{AGk@KYIMWCSO{@KUEKFEF]tAWl@O~@M^AP?d@KbAFPVR\Hz@BVBR?NENKLAz@?b@WFE@G@oAG}@I]Wq@Y{AIKI?IHKXStBW`AG|@IXg@d@KFi@BGAS[EW@WHi@La@Hq@Jc@Hs@Nq@Fe@@EJERDn@Xf@LHCNKFQAv@Bd@Pz@Rj@Jp@D~AGH[VM@y@Ag@Fi@Cc@@]AKGSYCODq@Rs@H{@h@aDDMJEj@\`@D^JJFHLLb@J|@`@~ABR@~@AFGFYLq@F_@?WFm@CmAFMGEGIc@N{ANq@RuAR}@Fm@@EFE`Bj@FDDHUx@Cl@Ef@Qp@Ij@E`@BPZ\`@LPBT@FCd@UJM@_@GcAk@mC[cAQKe@Ig@Ua@II@KPe@xCY`AGr@Ol@?XJZFHNF`BL`@CZInAG^MHMBWEaAQ_B_@iAU}@EEE?G@IP]`CUl@Gb@Ex@ER[NM\MFi@COGGKCw@Bi@XiAj@_DJYFIJCbAT
5849364099,ex|eGmsl{CXDj@Mf@GzBKb@?^HFBBDBT?\Cl@@RlBTp@P\Pf@`@r@r@`ErEf@XdBn@hAD\B|@NRFBD@^GbAQpBSjDMhBGNKHkAROFKJEZAv@JvAPx@PFJ@dA@VFTHHDBHB\?ZGz@UbAGb@?tBBfBD|@K`AMd@KRQPSLe@NMH_@j@QBmAC]DYJOJSPCLA\?X^vDTzDLlAALMn@Aj@T|BLzB^|DBjAM`@KVy@nAY^SLSHeAJm@NKNEVKfAIlCDhCKzACr@FhDE|ABdBAvDE~@CDSDcADcALO?]ISA_BFWDMLKZg@pBWp@SXq@f@QRS^c@bA]h@IHa@Bm@EQGKICa@@kAMmB@o@JiBE{@CIUKQCi@AEGCeAHyAAUGOc@]MYGmAAoCIO_@UQQIOCOA_@NoBCmB@o@XqCCm@QmA?q@`@qF@o@AIIOKKUEO?OHIJ]x@QYc@kAKo@G_ACgCGsCHsALuFR_ERqBBqBJkBFwB\mFFeCT_F?aAEaAKmAYiBA]@q@Z{AD]@}AE_AQgAc@yBK_@KQWUYK[Eq@EQEIEMYqAyEOu@UkBa@kBYw@o@gAWUYIaAMa@IWOMUIWCo@Be@NwA?_@C_@k@sC]_Ao@gAGUASHEPA\LVN`ErEtBdB\Nz@?dBUx@Eh@YpAcAn@Y~Bq@d@C\FRx@B`@Bz@DRrAzBNZLh@Gb@[lAAHBLFHPH`AFn@NpAp@PN@DIl@Mp@Qh@IR[BYG{AmAGAIFMRIb@?PDPb@n@dApAFJOJe@TE?AC?BGIC@@D
5839345940,e}{eGayl{Cy@MOGo@MG@EDOh@OpAQx@Ex@KZKr@@ZFPJFh@HVAZDb@Cf@Gl@ALC`@UBI@MCsAIe@m@oCIMOGgA]c@QMBCDWlAEb@UfACt@Uv@E\?TBJDFXLdABPFp@MZC`@?r@SFU@e@EcAy@gDEIKII@CDMh@Ev@If@Ob@OnAIP[NSBSFUAY@OK@YHYTsA@u@Re@\qBDCz@Pv@TRLRn@FZ^rAHx@Dz@ELOFUTMDw@A[Fe@Ds@CQB[@KCGIE[FaAPa@FiAXqAH_AH]JGxA\NFDF?HMr@@h@G^Uz@Kz@?RBJFFZJPVF@ZAJCb@SBGCeAEG_@Eg@D[JMAMGKMUKSOSa@]OCMJo@FeAHg@DEDAvBh@NJTp@Nt@Vp@F^AFABcALs@LMESUc@WKYEE[ME?IV]|B@THXHFlADh@Aj@Ed@ANEd@SDIC[Ay@_A}DIISKwA_@OGOn@SbBi@|CAJB`AADEBLE^@XCLIJOX[Nw@Ho@XaAF}AHQPBHDHJJX`@zALx@Dj@A`@GPSTUL_@BWEm@PkABOAUDOGEIIQCM?o@FYLQHq@@c@DQJSFa@Bk@Lw@DEt@Jx@RTLPVHPRz@Rf@Hd@FtACTEJORYN_@Dq@Ds@He@Ai@DIAMMK[@}@DYJ[FmAVkAF_AH[HCF?PDj@Jj@PDH?HKp@A|@W|@SnASb@CTBNPDxAE^ITQFM?eACYMq@Qo@Ig@K_@SY
5824454107,}|{eGczl{CiB@YII?IJUl@Gt@Qj@Ep@[v@G|@?^@PDHFD`@HVAv@@XBNC^OZ@\Cl@YFKBGCmAEe@Mg@i@aBWaACCQP_Be@I?KJIPG\IbAUbASd@GXIl@Cl@DZLPLDv@BjACt@Gh@AVKROHK@iAAe@q@kBQcAIMOAMJCFWrAEp@Uz@GjAWRU^GH_@@CAUUI[@e@Fe@Jg@LsA^sAFw@FITDf@Pf@VVBFBBFVhBTh@Jn@DbBCHIDa@HM@u@EOTQHO?a@Ks@AKCMMG[BcAViAJgAHYT}AJUNBv@ZVFZPJJFXHr@Xz@PxABp@CPMJWJ[Ai@Me@c@AM@OL_ARu@NyAJ]NKDFL`@RnATn@Jx@Bp@ATCJOJa@L_AAo@FcA@WBMCKKIQCOAYHeAp@iDXmALG`AT|@b@FD
5818995812,m|{eGgyl{CYC]I[@UK]EKAEDM\_@zAC\Wz@MnA?\DXHRHDp@LRCp@BXGP?j@C`@MJIBIDc@AcAK}@c@cBMUUQSGc@Uk@MK?KLGR_@dBIh@Qt@KjAB^FTJNn@Nl@@XB\KV?NAX@b@UHMDkAKgA[eAM}@Ei@uA]a@CU@MFEJGh@K\Iz@Uv@Uj@AR@l@B^Zb@V?zAJ^Ez@?x@Y\AHBBFADI@KJAACDYbBEFGDM@OEg@IW?G@GHWd@Sn@BRJ\\TRZ^D?z@E^?j@XxBVrCF\Fd@HTFtA?r@HnA?\FX@p@Ff@AJBDN@NHJnAD`BBvEBn@BvEHRAHUPQHu@Bc@FO^KJ[Ja@DUHSBEBCHBbBFb@?v@Jx@FjALh@BfAVnBD|@NnANjCD^?PUX?F?n@PtB@l@CPSj@_@p@y@jAMJ[Ng@?UB]Js@FIGGAON_@LQLq@CeAFU?i@FMC{@T[ASDy@BUDo@?]Do@?[Bq@?o@CSBi@E]O_@a@k@iAY_@We@KMM[Eo@Fu@@[Fi@?KCOq@_@KAIt@IVGJGAECUe@IGW_@QeBCoAEo@BmDGKWQyAeDG_@?g@Ec@AWF}@RoBHoCRgEDkBHw@DeBPoAAsABMHcELm@Am@H{DBa@Cg@@eBF_@X}@Ti@FC@]Nq@TeBQuAE}@Qu@GKMGG[MICGKGu@Ck@IEAIQC[Q[a@oAQYEo@Mk@C_@CIOUCUIU?EDo@ZIVLRXLJr@Rh@Xb@JNHTDR@DBHXj@G`Ad@Iy@CwABM\UGMGYO]CKTb@TPJDd@Dd@^Rb@\d@DHLt@Z~@LTVXJd@JHL\LJLz@BFLBDHZtAXhB@ZEfAK|AAl@Gt@?f@IpAAp@Cd@@l@MpC
5805805347,s|{eGyyl{CgEpCKVYfAGpAHXNP\Ft@Dh@AXONEpA?NEDGHW?c@C[Oy@W}@MW_@wAKBGNKv@G~@W~@EVGYYg@QK]OMKAK?MLo@Fi@DaA@`@Af@{@tEQfA?HDLRVHBb@Dl@El@?ZEfABPENKBQ?gACa@Me@Oa@CUQ_@S_AEOEAGHGRMlA?\AR]dAM`AGPSNYHw@COCGKIU?SZiAFo@A[FEJ?|@X^RJHJXJLZB^Kz@AFBBNChACPSP]N]Bc@CYJWEWBgAAOGS[KYAa@PYL_@JkAJ]TgA@SFUDk@E~AGd@IZ?N@D`@LZZPLHBDATa@DKCmA@UH_@@CHEP@JFNVFl@d@hBFt@?n@A^INYPk@FQA[J{@@c@CUKE?MFIAOEWa@OJ[BYNj@Gj@@LIHA^D`@EJUV_@?i@Dg@J[LQ@EDa@D}@Fa@DINEJDRTVn@Hj@R`@Jj@APCHIFa@EYHU?[FKAKI]c@GGMAEGMg@k@GEHO|AOl@AV@LBFD@ZKj@?p@^F@TA^a@RITBh@LN?FC?SQqA]?m@NQNG@UMIMCK?UTy@NkBJSJO
5798309580,uv|eGmtl{Cy@~ASVq@r@CF?V@Fz@`CLd@F^Dx@HEJBrCtCv@j@p@TrAPZH`@Td@`@n@`AXn@Tx@l@zCf@hEPtBHl@XtEXvCFtFZpET~BPjELz@\xALz@HlDEb@S^AVZpCH~AAf@Un@cAjBUZONqAFaAPgAHeAXcANu@P_BJeAAq@JU@gBAYGOKQo@WeBCk@Bq@AB[N_@P_@D[ESKSMSWa@q@WKKKO]]qAMO][GMBs@JuAh@iDOCs@CURQDSAWMMMQi@Em@KaC?{ARgCHyBPaDD}BXqC@}@EmB@u@Do@VgAHq@JqDEiEI_AW{ACa@H{@l@oE@o@Ge@c@kBOi@Se@SUc@[YKg@IUIWU_@m@Uo@o@sB[sBEo@?[DWJKNCPHv@h@|B~@lCp@p@JCY[uAQcAk@qAWiAMK{@]WSMQGQGe@Fe@HQPMPEp@F^?PEt@c@XG`@BhA^XBp@AZDZz@RhA^xF
5762689390,onajHoiir@?sAIkBCoBGa@GOGEKAM@w@TUBw@?oADmACyALyAKa@DsARI?GCEMIq@i@gAMi@Kk@KgAKuBCmA@sAEWIFIRMv@Cj@@|BAzACr@Gf@Ob@ORSN]H_@ASg@Oi@E]Ek@@wACQEGQCUOWo@QYy@q@_@e@Se@g@qBu@aBu@oBcDsFYo@Oc@Ic@Ge@G_B?o@H}@`@yBL}@KSs@_@MEMAy@PUBWCg@SEAEBKhAGROTMLSJ}@XYNQTWl@QXs@j@Y\Ud@Wt@e@bCKHSHk@BeGOu@MiA_@o@O_@CiCCe@CSQk@w@OKSEe@?_@DWHe@TOBQ_@Me@W_Bi@gEKc@i@gBMi@Y{Ba@{Bk@sEi@yCc@yEgBeLYuELIPExAQrCk@pB[fAO`ASjCQjBWtBKv@GPGVSp@s@d@o@U_Da@cDCw@@IFQPWPMlAg@xBgA\KlAO\MVQb@c@LSDMBg@KaCC}GO_DAaAB_@DQJSZ_@FS@QCgA[_G?aADeAHk@Pc@\a@bAy@Za@b@{@t@sBT]`@Bf@Nt@^n@f@RJ~AV`AJ|@^vAb@|At@j@P`@DPGHSPk@JQRLPTXh@dApCx@bBL^DVGx@i@jES|BOvCWfCAd@@RBHHFFNFdANNdBXd@LjAf@|@TRLRR?h@Cl@a@nE?vAFbATnCLd@f@zALp@DpVDx@Pz@F~@Ad@e@vDk@lH{@nDWfBe@jEMfCIz@g@xC{@hDMjAYbDo@hDy@xGCd@J\d@bADPYjD?j@Dn@@FHD^HvD@NLRXTn@Jr@f@tHDb@J\LFb@Hz@@l@GxAQz@G`AEjC?x@Ep@Kh@O
5747157287,umajH{hir@OmEIcAK_@M_@SUQGoBIi@@e@FqAVgBLa@AyAQa@?[Da@NOJGHKf@GpAYe@][gBq@_@KY?]HEJChALzEh@hIJfG@jBDb@HTZZJVFj@AjABZBLr@rAPRRHTB|@@b@HBb@@f@IdCAfBI|EK`EAbCObDI~FM~B@rBE~CCTSp@Kj@QjCSbBCv@?xCFf@Rr@f@N`APvCNpCHbAFjAPZAx@K`@?dCLxC\rABxAJt@ALEFURqC@aCGoC@{DJyAHkDJ_CBgBJmADEZCrAB`E^jALrCPVAZGVKNMgA?]A}HgAcCSa@MMMKOMe@Gi@GoCIyAMq@]aAI_@o@iHSsAe@yBMiAEkAIqFMwBXeCDmAOCW@sANeABaAJO?WEIYIg@KkA?eECyE
5731384895,{majH}jir@WkFK}@CMEC_AJuCJiEIeBJsAA]ESGQOQQKUOe@K{@Af@GVITKNQLOFQ@cAKe@?MEMOIUG[Gm@Cs@FeAd@gCnA{HJy@PyBPgAFSJEbA@H?FK`@aCp@gDXwC~@wFFm@AUISq@y@Ug@Di@z@aGbBkKNq@L[PWLEd@F`AVx@Z^RvCrDZf@f@bALp@ZxCZrBVjAr@pBLf@fArHLl@L^x@fBZ~@f@nB\nBr@|ATp@X~@z@zDz@pBp@hCh@xC\tAXtAV`@r@j@j@h@PVN\Hn@Hv@H|CLlB?z@AbAEj@GNGFSLMFcALQJGJ?t@JhARrAXlAD^Ch@Id@Q`@SX[T[J]@aAEw@Dg@Fq@TgAd@cCf@_A\sA^oAj@i@L[Be@?aCMiBAa@GGISmAOwBCwA?eEGmC@wBGoC?u@BKNKRIZE`@CzAAvAMNGFKLo@
5719659839,gnajHeiir@GiAAy@R_FXMTGpAMRI^UXE`B?zBOxCJb@?\E\KPKDe@?_@Cm@Ko@{@oDY_DMu@aBmFq@kC_AqCgAiEs@gBQg@y@aEGq@KiBIs@Us@c@}@Oc@SoA]yAScBOo@o@_B[s@e@o@c@e@YSWKiAWuA_@MIMMOa@Gg@?S?EBAESFSFKTUj@a@|C}ARS`@u@NSPMt@[XSFOCk@G_@oAsE_BcHe@}Bk@yBy@gDaBiFq@mBiA}Bu@gCwA_EyA_Dq@eBs@}@c@{AUk@}AwCm@eBQ]QSC@IXW|ACBMAiAe@yCaA}@c@yCmAWGw@C[Ik@Yw@i@OGI?_@rAUl@kDhFO^GVC|@FzDNrF@dAErHR~HDj@BLRFN?dAMXBPJl@r@NFj@HPJ?p@C|BAdBKbCCrBMfB[rCGhA@nDGtC@hAVfI@DFDt@PVLNjAHfANlFFbGHhAPz@Pb@PTt@n@d@j@B\A\QhC?`AHj@\vAXfCV|@\p@tAtBl@hA`BtEdAfChAd@XNZZZd@@VCp@a@hDAV@HTLVFr@Fx@CtASb@?NDRJLLDNFn@KxB@bAVhEHlD\pDj@lK@LjAPRHPPRd@T~AHNRL`@Dz@@lBIX@fAP`@BZCf@MD}@?cAGmFUiIAoBBgABWDIVK\Ib@EZ?@FMLODM@UIY[k@qA
5706201790,enajH}iir@IoC@w@Bq@Hk@H]P[POTIRC|AGlAWzAQxDG|BG`@INIAm@U{AMs@{@gDQC}ABo@FSAUI]e@OKw@?eACY@e@DkBb@WD[Ao@Ka@CuA@y@CuBPw@@s@DW?w@M_@SeCkBOQ@UJaATqARo@DENCZ?n@Lf@T|@j@`@Rl@Nd@BnAInAEnB[`BA~AKbABz@CfBSLIJSHs@EiACMOIQGoBCWDm@RWDo@?aBEoAHc@EaAS]I_@SQCoCByATi@AQE[MAm@HmAPgAPa@JKTKhBU`C]l@Cr@FR?v@KxACXGL_ARmCRwBRqEAs@G_@{@eCYwA_@aCUu@O]mAaBaAcAYWw@a@i@g@y@c@QYAKH]Vc@vAoAbAw@fBiBh@_@z@]ZUNSj@}@|@eAZe@Vm@XmARgBTiCRmAb@wAb@w@h@m@^YVKZId@Cx@B^Fb@NRNJNBFAb@K|A@t@Ht@TnAr@nCX|Bf@~C|@|Dj@nE\pBd@`Db@rBb@fCn@pBPp@v@lF^dB^|Bv@xDLfAR`DX~BLjBBz@Cx@ERMZW^WXkB`BeA`AOJOBEAKGQUs@wAIKOKKAIBOLG`@@`@Jd@xA~DXr@RXZEp@]`@OR?JTp@xCl@zBJn@NrAJr@~ArGp@pDtApGHv@Av@CBi@L]TKJk@dAYXc@V}Ap@a@LwB^q@Hu@NWBSAGIMe@Mm@Go@Cs@HwC?qACo@MIOE_@C[@[FEHKdAAv@F`Ah@dC@`@A`@E\K\UVYNc@Bq@Gq@?MCEAMi@UuA@AA~@Ir@Uj@KPQLYL_AP{@T{Af@cAb@[Hu@HcA^k@FoA?}AQkA@_CCyD]cBKwACcBYUIWMMMISAa@EeC?e@Dg@JQVSbA[TOP]Hu@AwAYuEL_CB_AEkAYuEAg@BKDGPQb@WxAe@b@Gb@AtAPp@BnBAlCSn@@`@DJJHz@DnBBhE
5683103266,cnajH_eir@oFFeBFoBLmCBe@Ja@XOZG^@d@P`BBx@AvAGfAKVc@TmA^UNQRAlADtDQHS@UCa@K]?_AX{BZ_@JULQVeB|DM\Kr@MjBGh@c@hBsA~GYpAy@|Cc@|B{@vC_@rB[xASl@QPWFSCUMG?Yj@QLm@Vm@HYA[GWOk@e@QISASFUTy@fAYV_@RwBx@SNGf@Er@CxBCJILi@^e@Jc@?_ASQAYBWJWZWz@KTOLi@VUNSVm@~@Sd@WjAQ^SLM@U?a@QCEIYIs@As@Ds@n@yEn@kJRqBl@gEp@iJNSlA_ATM|@WPOHMFUBU?aBB_@d@_CAM[gAIi@Eu@?w@B}@P{CDaDAwBKaCTgCNaEDoCL{EEuDFqDNgE?eHBk@NaABg@Ae@MuAAc@HqC@wCFaD?sAIwDAyCDqCS}EA_ALcDFcDHq@\yADs@GeDWoCIsACeA?mBCq@SsB]sCIsABYnAmAAYWmDO}@]{AAm@DWT[XQhA[ZMZQ~@q@b@UZI\E~@Dh@El@MRIRQBE?m@IgESiDEqA@]tAm@ZMZEP?`AFvAK`CDnANvAb@jALRHPPNZL|@@f@KjAo@lDGz@@JRJTFbDZdB`@hA`@\VPTp@nA\J\FvADTBPFZVHNN`@d@dCx@nCDt@@|AEpEFxFDr@Lf@Xn@LNPDr@AZJ?Fj@pBt@dANNVN^Lj@JhAHVNTXTb@h@nAr@vANd@|AnIt@`Dr@lDf@vC|@vDbBlF\xAR|AhApDdAnEb@~A~@nEFt@@`@OXUTm@Xg@FiAEe@@wATWHEDSp@Kn@A\AdEC`AG\QPSJ_@HoBP{A?g@HKb@Cv@A`DF~BUyBKyB
5664488197,smajHijir@MeDOaBOu@MUMIICQ?mAVgCNgBI}C@i@IuAa@YOWWSg@Ks@GaBEuCBeBVqDAUSi@Co@Bc@ViB?YAMKSu@c@[[kAi@o@i@{DeFsA{Bw@eAQYM_@JgAXsAvAqDf@kANk@PkANi@Re@j@_ATo@RoA`@oDTgAESIWIIKCO@o@Rg@FmBDY?WEWMMSM_@Gk@Ai@Dg@v@{FVmEv@}FJ{ABcBTuDBKJQ`@Kd@EjACrAHzAPTDTLZZ\d@Pf@Z`Bj@jBH^Fl@BbBEjFDfFBr@H`@Xr@HJHFPBl@Cb@HLb@PjANZdAfATLdAZ`@XfCjDb@v@Tl@^jCbArEr@tCZvBx@fEXdAl@bBfArDPz@P`BDx@A\KhBCtCS|H[nG@VJDP?|A[rDQZ@LDDDBfAIrD@bDKdEQvCEbCGr@KLa@RUBaA@MBKHKl@Gp@KvFCPGFa@Za@PkD|@iBp@_@H]AUIG_@Eq@?}DSoDBmDQ{DCsABcDCgB
5646324315,gnajHsiir@QmBCoA?uADk@DI^KrASpCw@\GlAElBB`BMhADf@Eb@MpBaAvA{@x@[fAo@Zs@Qw@{@gBg@}AGc@@]BUNWJGL?RJPTj@bAJLRJTIPOfAoAdDcD`@Yh@Wl@MRC`@@f@FtCf@e@D[?gBSk@Co@Bg@H]NaAv@qCnCeAt@c@N[Yo@kAQQMGKASFKTCN@f@Pp@jAxCNb@Hn@?VCTIXOPgBpAc@Pq@Nu@XK@KCg@y@a@cAUiA]qCUiAmBkGw@mDeA}CiAqE_A{CaAsDQ_AY}CQq@q@{Bi@uCS{AOo@yAgDUYi@c@g@Y[KUAq@DgA[_@COJMPMXIXm@vEg@|Bg@jDIt@MtBm@tD]hE[fBi@vBQx@m@hFc@pCIbAI~BGh@qAtGQzBAp@?f@DVDHFDp@B~@V\FhBFTDRJCt@SxAEn@Cl@@r@FpAN~ARz@LNr@LbA?n@IzAa@z@EzBA|ALd@@f@Kf@[
5626960018,onajHwhir@J]@wEQ_BK_@OOSEeANaAB}BNmBG[Es@QUC]FcA`@Y@WKe@s@QOMEQAq@@WASEi@Ww@AUEGIKk@Gw@?wAH{A[SsAe@WQ]i@Wo@W}@Ik@Xe@zBqC~A}BLWLc@DSCKQe@_@s@}@kAwBcDQa@c@yAO]Y[e@[YGG?CFYd@wA|CUXQFUCSMKKEK@s@TyCDcAC_D@s@l@kIZiBRuBv@mDTw@Hi@jBuOJkCXyBX}CFkBPwBHiBp@{Cj@qEd@oCTuC\yD^qCX_DPeAL]DCZN`@j@jCrFhD`JrCnI\hAn@pCt@pBL`@xAnH|@dEh@rBJj@@ZNr@?Ny@jAa@d@e@b@]RUDc@?OHMJi@|@SVw@d@SPOVGXNXXR`@P`Cr@ZNXRb@d@Xb@fAdCTr@`A~E^vAp@dD\vA`@dCb@dB^jBl@zBh@dCp@rBj@tBbAhChAfE~@jEj@nDPp@N^J@RGdAm@^IRzBb@~BHr@@n@I~A@~AJpBD~BRtBBd@?|@KnE@|BKr@O`@KNMJUNWFk@Jc@Ak@M]E{ALkAP_EnAeBt@_ARiA^]Fa@?iAE}DUcEESCQIOSIWOkBM_@QOq@I[KEEI[Ks@Gy@W{Ei@wECk@Bm@BILGn@Sj@GfAElAO~AAbAOl@CzCBrDGYNq@LUCYS
5604254345,mnajHmiir@JgBIsBUgAKSUSUKYEmBIc@?oAFwACc@EeAS]Cc@Hm@Ze@d@Ub@GVE^At@Dl@b@xCFv@?b@ItAAp@TfG?p@If@OXONc@V}@VOFKLM^Cr@D`CDj@BDJH\LrARXHXLNNHnAHfFAjASxDMpH@bCCVUvAEjAArADfFKzBCvAEd@[hAo@xCIz@HtD^xGPdE@nJLzDAbAP`D?dB@bBQzCCtCKhBCfC@PFTJLPLlBl@nARn@B~@Kd@Ab@DrAT\@p@EX?`BVj@FzAAZ@tARjB?v@BFA?GK}AAw@LiC@y@KiC?s@NyCCm@KoA?]@YJa@Te@Xa@?@SkCG}AD}B@kCL{CFwFGsCJ_CBeCNqDFq@FQNK^I\CP@ZFbA\JYXyAJYRO`Ag@h@a@\]p@aAn@q@BGDeBHYZEt@?TA^Kb@QBECESIc@KoBK}@I_BKkAQyA_@oDY]?WDYJa@VFBxBT|Hn@`ALdAD~@LVATGRITQEEUEyAA_D[[EiA[mAM_CE{@@[DeAVj@JxCNtD^bDNnBVVAPETKVSYG]EmF[k@IcAS_CQ[ISSUm@Ke@Gg@O{DIk@[eAQ}@Ky@SuCa@qCQ}@Us@Wq@SYUMiAWmAMuAEa@Iu@SMKY]MGcAOoA[a@CcAAkCK_@I[Qa@eBKy@Ac@?mBIwCEm@UoAg@qBIo@Ew@CwCM_DQsCAg@@IBGRO^QfBc@d@Id@?hBDlDSlCDXDLTTv@V|A
5588708329,coajH_hir@~@`@VD`@DzCEZEh@OBCDyAJoBDyCHk@L]NSVOfAW|@_@VArAD^CZIHG?y@Im@wAyFa@kC[yAoAoEa@kBcEkNYyA_@sAMq@YoCOeAc@eB_@iBe@cBWsAOe@eAsC_@g@c@]_@SKE_AAUEgAc@_@IS?MBGJMl@El@?t@H~BB|BCnAGt@o@lDs@rFe@fCy@vFe@pC]rCGt@Dd@Zx@Hh@Ar@SfBA`ARNZNtCz@b@PBDTrDAhGGx@CBM@kAAY@[De@LYNWTOZG`@Ab@@b@ZpCDbA@tAGtCFjBHhANz@Pn@PZJH~@I^AfAHnDJb@E~@OxAEf@OJwDC{D?mC
5557042929,onajHogir@\fBF`ACpDBfGFrCC`DDjAHp@HBR?h@KvI}C|A_@tAe@~@IfCk@\?dALTCPKJUD[CcBF_CAqDIoAe@wCUuBAqALoBBy@Eq@]cDCw@Da@P_@PQTKbAu@Ta@BQS}@qA}DIm@?c@DQJOJENBXVj@dAVZJBZITQrBwB~@y@b@i@LY?mAOuBo@cGs@aFgAgGc@yCq@wDOq@s@oCs@aEi@eCe@uCY_Ca@sBg@mDuBkLUuBHmBAg@OY[Y[Mm@KUA]Be@He@Lq@n@s@`A]hAWrAIr@QtCYvBa@zAYn@_@d@]X{CjB[Z}@dAQFa@FWNYXm@|@qApAUd@LRNLfAd@VPd@d@zBrBf@l@\j@l@rA\lCp@|CNhAB~@AdASnBYjEi@~CK|@a@~GItD@`FLbEDfFF~BGhC?rBDtAHdA
5535723877,}majHeiir@UmD?m@JgBQM]G_@CcA@q@C]?g@BeAPc@@i@Gk@USEU?{@Je@@_@GgAUa@CYDi@ZYLYDc@B[?]CyA]a@?aAVmBJe@F_@N[XKPIp@EtABpAn@xHJxDFbAV|BdAhHh@V^Hj@@`BKD@HNe@j@WLUAuAYQ@W`@QZ]bAcAnFs@hCc@jCM`A^XfA`@b@TdBxAZTTJ`AXlAn@^Vb@d@JFZBr@?`@CbAOf@Ab@BnAVnAHjA@rBIf@@d@LlBdAnAj@`@JdCf@b@Pt@`@XFd@@rAIv@BjBTrADbEp@rBBfBRd@Cd@OJEmB[_CSoAGgB]eBQaAAiAB[HeAh@c@J[DOASCSOMQOk@Gq@Bu@L{@\gA`@u@b@c@~@o@RSLULa@Dc@@c@E{@MiA{@sFYgAYm@g@]k@QmEg@eAOWOO[y@uFK_AEeAAkDG_DEwFB[FU^i@
5529795473,wmajHkiir@AcFIuAGE]G_@C_CCqAFeAIY?[B}@P[BsA?oADWFEBGRO|@?~@V`DLfCj@xET`DTrFB`DLpAZRf@L~@DzAA\BRHDHDNARIPIJWJ]@kAKa@?cAFSBIDKl@K`AMzAE~@A~CHjAHl@h@~@h@p@^Z|@h@XXR\Zv@`@b@xCxBd@RzAf@hAf@|Bj@z@Zd@J^@x@Cd@@bBRlBJdBPjBHpEb@^?`@Ih@[O?u@B]AqBY_COeB_@{@Mm@CsB@e@F_@NZHd@Bb@CDABEFkACqEEo@Ig@e@{AMm@Iu@O{BScB]yBi@iCSsBCmA@IJK\QbBc@tB_AdB_@VI`@SjBkARSN_@@e@Ge@k@_B?gDEw@W?e@FWAUMMQIYGg@@{AEeBCWMAg@DiARYB{BIg@@gANg@BoA@cBIa@BUn@Id@CZ@v@LpCIg@G_AOgFC}A@EDN
5506575357,enajHehir@LvEAdDFfCCTIHy@RUHWPG`@G~@?dAFlBBtBFn@VFZ@nC?ZC\KnAm@bAWbBw@dCw@`A]`AKlA]v@In@A`ATT@VALKD_@EkBP}BIyB@mBKsA_@sCQkCEeBAyCI}BAcAHi@^s@LOdAw@Vc@DUOo@o@kBg@eBGg@A_@DQHMJGR@LFPTl@hANNJDJAPG\Y|B_Cn@g@h@o@JYCwAMeC_@eCMqBQuAcAyEoBwLeAeEcAwE}@{FW_Co@_D]uC{@iFO{@g@kB]oBK{@Ci@HoBA[UUSMc@Oo@K]?a@B[FYLa@VQRe@v@_@fAS`AIv@YrDQhA_@vAe@pAS`@UXa@\oBbAMP]l@QTg@\}A|@sAxA_B~ANn@P\LL`@PhAV`@P^VfAjAv@dA\n@Vt@DZ?ROz@Uf@UZe@f@Y^w@jAeAhB}AzBs@lA[dB_BfFG\GfBIt@{@dEe@hC{@rDOpAAjAHdBB~@EnEBl@DXZB~@Kn@?p@FhB\rBYf@CnAJ|@PjABXF@@Jp@JjADlAAlB
5493593572,gnajH}gir@HpJRvC@r@?nBClCJlD?\Id@k@DkEEI@a@^]Hi@@}AIg@Aw@Dg@JM\Gb@WxF?dAJzCXb@j@l@f@b@fAv@\XT\j@pANT\ZjA~@l@^p@XpC`AZFrARZLr@^\Hd@?nAI^?`AR`Gl@|ATrBDbBVL?XGZMTOuDWcASwAKuAW_BK[?s@Dq@CS@_@Ja@TfG`@vADrCTfADbAJj@Ax@OMCw@G{AWeBIqAM{Bc@wBMm@?]DSFm@`@tABRCHGGaFGyAGw@Ii@Y}@Kg@WiDUuByAkHEgB@s@B_@VYn@[d@Q`AQTKdAs@t@a@lC]`BEFADO@k@Eo@Ke@_@uAM}@Ci@@yAA[EGWES@u@HEACEIeA@oCGmAEE[BmALe@BgBCe@@qDXaA@cAAk@Ea@Ke@W
5480459744,enajHajir@Ae@SuAEo@FyBF]DEf@OzB]VBZRPDR?|@Ov@AhCu@REvABdAFRAPGFKHq@DI\JVAZOx@k@\QVIt@I^MXWLUFW@a@Ic@q@iBq@aCGo@B[DMFGHARDNRf@hANVTLL@HCPK`AgAnAkAfBgBz@i@ZKTG^?r@JjBNd@?fAGR@RNt@~@f@b@rA`Av@`@~Ap@nA\^FdAAVDvAz@d@N\D\@fAM`@?|Ep@hDVTAzA[h@GfCBxACpAHrAE`@GNKHIXo@Le@E[Sk@{B}Fe@eA_@q@I[Nc@^g@ZWpAu@`A{@|@o@X_@BG?ISa@eB{Be@u@m@m@i@y@iCeDu@uAi@}Ag@kA[gAg@mC{AsDKa@Ie@O_BCkA@}@NyBCgBo@kFKm@KUOOuAm@eAo@yA_BOSKYWuAQq@Qa@OSCA[\SLgAf@oAt@y@E_AJ_@Ly@`@qB^m@FqAF_@Cm@SeAUYSi@i@OEOBGJO\EDi@PaAn@{@ZSPGd@EzAIj@Y|@u@`B[f@u@z@I@s@CSDIHOb@G`AAvB@hARzFzCj]zAzOFTJHrBf@n@DpA?PFKDOBm@?{@EeBS[AY@c@LSJ[VqCpC{@p@s@p@a@TG?GCSMKQc@_AOSQIQFIJIVAPBZ\pAjAhDFf@CTEJEDSBKFy@rAURODu@H_@L_Bx@g@`@YL]D{@?aAJ}@Zc@HgADiAA{@DuAIwAL_@JEFG\EbABxDBb@Hn@
5461073004,cnajH_jir@G}CIyB@YLKJITEz@E^GVMp@k@^I^?nAHfB?~@G~AJb@C\E`@ILGHK@KAc@S_BCeAE]]_Bs@uDaB_Gs@qBu@_CiB}GmAuFe@kCwAgHs@}DU_AUi@mAyBe@s@[[c@S_AMyBo@o@IOHQRMXK^_@~CsB~N?HFRd@r@P^FXA`@IbAqAvHsAxJ?PHTLX^h@DNDXCb@[hBCx@NJj@Nv@Zt@PrAl@bALLFDHDjBJvB?tBFx@JZLLz@V|@`@FFBFBPDzBAjBFvADf@HXZj@
5447020992,smajHqjir@]wAIuA?aA@]HSPQv@YbAM`@@f@NXBrBIPGf@i@TIf@CtBBhBGZIFK?KGs@_@{A_BwI_AmD}@sCM[Ya@ISUaB_BaGg@cB_@wAo@wCSaBKm@qBgISo@OLy@`AQZCPBj@NjAH|@HbCApEBzBAxAFrCCh@MdBAbBH~C?|APjBA^CPIPIJMHUFk@@uAEu@Eu@J_A@y@HSEiA_@}@Wq@[WCSFKL[l@GV?b@ThGCxBHPLJJLDLBZCb@WfBTjDDbB\lD?l@GzABdAFx@^vCDh@BpAFX\P^Fp@ALDF\H`CF\BB`BJ`ARf@DtARxBDbADb@A`@EhAU`DgAp@[lCq@r@[RMFKJs@VsDBoEH}BRaDAc@EOMIUGWC_@?[By@L_BFUDOHMLKPGPE^BxBCtAFbBAb@ET[\a@NY@iAOUBo@P[@MEMIGIOi@Gi@IwC?{FKyC
5435246724,_najHkiir@Go@SeGIWQO]GiAJU@qAOUB}@NgAAo@@mAOy@Cq@SO@IHE\CdGDdCDbAPdBD~A?fA@\\vBDb@FhC@~AHlBDp@Jf@THv@Fv@NrA@dC\z@BjCRxAA~@OtBw@rAa@v@_@hBa@hC}@~A[VC^ApC?ZCNGJOFOFm@@iDAeFCi@Iw@g@qBKaAAsBLgE@s@E_AUgBEm@F[^}@POz@_@LKHIDM@]Ca@Mi@aAmCUu@Ei@@YDOFILCJ@FDRTj@fARRLBRGVOnEmEPMNG\c@`@S^Id@A`AFhAN`A@jBWd@OTMPONUPi@Nw@\gBPqAZ{DJ}@\cBNg@LYRUXKVAr@HT?pBa@vAUNIFGBICIECG@g@d@WLeAN}Bf@gAJ]LSn@e@nCQtCm@~EMf@c@hAOVSRYLw@TWFa@BcB@eAQkAK]@[FUJYPkAnAsDjDQNOFI@MCSOq@qAOSIGMAMBGHINEV?ZDZ\lAdAnCH`@BZI\KPuAzAQNUFELAVD\^bBFh@Aj@M`AC`@?bAFrBAh@OJ[HuBR_@?}@IwAJ{ACkBBa@BcBPiB?qAH[A[GGSKq@SuBCHAVBf@FNHJHBHAIHaAA
id,polyline
5412094546,enajHqgir@CrANrBE~BHdGCtBLdC@rCDb@RLRBVApA[lE{AvEyAJ[Jq@HIFB\f@HDJ@z@I|@Eh@@bBHJA@CLi@BE`@RXF\B|@?fCoAxBu@|AcAnAq@JIJUB[Ca@W{AGiAYiBeAoEe@uCw@uDc@kBe@yAWgBUm@e@_AIII?qAx@wAf@[Tw@z@UJ_ARqAf@EAMSW_Aw@qDi@{CWmAqBuG{BcHwAiGcBqGIYWi@Ma@YeBc@{Ac@}CI[KKONYd@MVGXGl@KjC?v@LlCAfBF~AE~BNvBEbB@b@NrBFPLN\LXFd@Az@KLBHHFn@RbEDnDVxDFtEAb@Cb@K\MNo@\WHcAD[FUHOPIx@A`BFjCHrA
5401513518,anajH{iir@KoAAuADwCBKHETGb@EbBCvABxEOXKb@e@RIN?nAHv@EVKd@g@\UlBcA|Am@j@_@HIFU@c@G]e@yAy@sCE[@[BQLQNCNHNRb@`ALVRLP?TMx@}@vDmDt@k@b@Ub@If@Ar@Fz@N`@Dx@GTI?AGGMCkAAi@GgBc@YQMi@YiDyA{N}@kLWuBk@gHKaCCmCJeED[DKTMTEr@@FClA_BP]\y@Pw@Hy@F_BFe@XSp@Qz@_@v@_@\Yd@g@~AwB`A}@j@[JKj@w@rBuBbAqApAyAb@_@PIF?JFRZr@hB`ApB`AbC|@fB`@nAj@xBXp@TVhAbAt@b@xAp@VTJPH^Jv@b@fFB`AIxBAzDFv@Np@Rh@fAhCnAnF`BzDV`@hApApBzCzCxDj@z@N`@QT{@j@y@v@yBpAQN]f@Sv@CPHn@H`@b@lAJ\Ft@Cj@In@q@zCGn@CjB?hBP~CBdBC|@EZM`@g@lAMNG?USkA{As@m@KOKYKq@Mc@g@mAKOOM[G{@HWCu@WsAWcAYsHwA_AKs@WIOI[WeCGYQEs@A_@GwCaAcAk@sA_A_@]aAcAWQ[CaAD_@?_@CoASs@G]?i@No@`@yFrF]TQDM?QMQ]c@eAUQM?I@ONKXA`@B`@Ld@fB~ET^L?TGbAk@PGP?NNT~A\rARbA~@vD|@zErCrNFb@?j@Gj@MVq@h@i@f@m@r@UNy@PsAn@iCv@Q@m@CW?{ALy@Gg@AeAH_CZmC~@gBf@}A^oBx@mBb@_@BcA@yAG{@KgDO{AM_@KCCE[I}AKe@GGKEm@@[EOQMe@Y}Ek@mFGyDOgDe@mE?[DQ^U`@Mh@GhAIlAUNAf@JR?r@Gz@Er@OTAX?p@Fx@EX@FBF\NhBD|A?lCBd@DJFHHDd@JlBC
5387355450,{najHiiir@F{@GiD@aBBKFILITGhBOT@dAL~@IjA?VEz@WXCz@LVAx@KdA@XHXLnBrAb@d@Vb@Ld@d@dDN`FPvC@`BKzBF`CAr@Gv@OZUHo@?WBSFSRQb@Cj@H`@zA`BT\`@`A`AjA~@dBp@|AbApEj@bE^pDBh@C|AJpC?JU\_@\WNSFWAiAWkC_@{BOwEo@sAIsACSBa@LaAd@e@F]?c@I_Cs@uBa@g@QwBmAq@a@w@m@k@o@k@iAW_@[[yAeAq@w@Wa@M_@Ge@GkACgA@_BPqBHuBJk@FGTC~@ATEEwA@}BE]KQKCo@DUAKEEGIQC]AsACk@U}B]eCYcDCg@@iAY}@Ky@GgBOoB@g@BQDKHI`@QjBYlBSvAK|@JN?VEn@Wb@IV@d@Hv@CVBJDDDN~@DpA@fCFnB
5339447441,onajHokir@Ay@MqC@mAVGlAMdBWdABz@E|@@NGVSNIb@K^E\?xALnACXGFCBECi@Ko@m@kBWeB}@yEaAuCw@sCs@cBYqAiB_H_@iBs@yBO}@UiBs@mBE[GkAO[i@u@Se@M_AO{COy@MYOUmCsCoA{@o@o@y@c@IIEKHYNSnBcBhAmAd@[z@_@p@]\[d@g@COYm@e@_CgA}EaBcH}@gDe@_C[oA_BgF}@yB_CeHuB_F{@yB[k@GIIAMXQz@eArK_@hCEp@ErCG~@o@xDS`BSfCa@fCe@fFq@~FM`DMxAKx@c@hCMvAJJPFt@Pf@Fz@AlBO|BFdACjADz@AnA?`@FFBHLBv@Cp@k@jGyAjIQrACt@BJDDh@Jn@\bAVXJNd@j@fCHv@O~@q@vCOvBKx@[lA]fBe@bC[vBy@zDIbAE|B@v@PxB@pB@FV`@Hf@?^Y`C?x@^fDPlCTxBBn@?fBBp@RjAJZVN\BlAO`A?pAOrDE`E[pC?dBDbAGjAETELIFMHq@FuCJoC?mAGMSI[CoBNeA?yAFeBEs@H
5307539649,gnajHgiir@K{CDyBCe@CQIQKMSOUGU@OBe@POBm@Ga@?]Dk@PO@w@I}@HgAWi@?mALKFKPMh@ElADnD?dBBb@VnAB\BjDDr@RxBZxBLdGFb@N`@THtAR|ANtA?rAPpA@zBTh@Cx@G\GvDoApAi@lA[|Ai@zA]fA_@ZGXAtANd@@XEPIFm@D_BTkAD_@?k@C}DE{@QyA]kBGk@AmANkC?yAGaAa@yBIw@JSVSf@[r@[TOJSB_@Gs@UgAiAaDK_@EY@UHa@HIHEL?JFNR^`ALTPLRBHCRMvFqFd@_@b@UTGLA|ANrBJP?x@K\CVL~@fAb@`@tAbA~@f@xCfAVFl@BZCLCGw@aAcQUaDIqCMmB@c@NOVKrAOnA[t@Et@?nBFbC@dBCLBRH^f@GMY[OGSEeE@sDGy@DeBVuCh@u@FQHOPOX]tAMz@[tDWxBk@zCQd@S\[Tq@VkBTeAAcBUi@Ea@BYFYLUN{A|AmAdA}AxASLQFK?WUk@mAOSUKQDONGPCZ@ZLj@vA~DJl@Eb@KRwA~AWTQDw@FcA^WBMSOe@g@uCg@yBW_BQy@i@qBsBmGuAqEoAgFu@iDi@}CGQGCGJu@h@QZQj@E^G|Aa@~DIl@YtAIp@IjAAh@DZHPRNRFRBRAnAWJ@DBFLJlAJlCF`ETnDJnIBLRVTJf@DJFBDA~AJ~B?p@M`CE`@WL_@H_@@w@OO@k@Nk@H[BOCMIIOKc@K_A
5284469314,enajHiiir@OoACy@@qCFs@DI^MrDUJEn@c@`@GdC@vACzBHj@?XMHMA}@Ea@]}Ae@{CMgAIiAGc@m@uBiByFwBkHaAsEiA{Es@aEcByHWwAMg@}AgD_@m@]_@MGOEo@CWEaBm@]I_@AG@IFQVO^Mf@Kv@IpAK~@SnA{@bEWpCm@pDSnCKdA[pBw@~DYjDa@rBJVn@d@NPStCDRPVBRGvB?v@FzIBp@Hd@PNTD`A@dBFd@FVHAFGLUNUBaCH[HONIZEd@?j@Bv@NrBHxBT`CCnBBfAd@lEJpDTdBNxABNDDd@JbHd@tAB|@JlADv@?|@Mr@QjFcBzCw@VKRMJu@FiBNgBA_@AIUOWC{@BQEEIKwACsABwCF_B?_@CEQIe@AwAHiBP{CD_@B[DOHGLITIb@AV?XDLFH
5256881241,gmajHyhir@U}@Ia@I_ACgAAeADq@FKNIp@Sz@M^?v@JZ?`AKhA?`BQ`A?nBUT?VBb@TlBdBZ\RZJ^JhAb@tCJpANtFEhEFtDCh@I`@GNMHYJ]@{BCkAPyBn@qAd@yBh@mCdAgBf@e@Fo@@_GYyCKcAIcAESEOIEKIa@]cECu@AmCEaAIw@_@yB]uE[yBKkBQkB?c@BKh@WzBq@t@O\AbAD|@I~@BTCr@SVE\?p@Fz@U\?FbA@nEFdBHjATTNDjAP
5235834501,onajH{hir@OoE?eCEUMOMCU?{@RY@cAMq@Ek@My@HoA?kAPS?_@Ik@Wi@KUOQc@QsAUiE?g@@o@F_@n@kCp@aDHo@H{AHu@pAgG^iC|@wCh@wBNYl@}@|@{Ap@_AtAwBp@{@vByCPc@Ko@Sq@qAoC]i@k@i@q@c@g@S{Ac@k@YQQEMBGJYTYjB{Aj@k@RMl@UTSxAkBTSfA{@hBwBZs@ZkAVeB\aETgAX}@Xi@Xa@Z[ZSZMXGXCb@@f@F^LZPVV?d@EpABx@Dj@d@nDx@dDnD|T|AfJLn@r@~B\~AdDzRR`BLjBTbBHv@HxB?x@CPe@h@qDjDYVUJOBWOOUi@gAUSMAKDIJGZCd@Hj@rAzDNf@D\CPIVaAnAYZMHMDU@ETLz@`@vBFp@Af@M|AAp@R`FLbHD|HE`AKZ[Lg@Fg@BoAAs@DWF}Bh@aBl@mBh@eC|@gCr@i@DaA?q@EYIIMKWKw@EgH@u@DWDIFE\Ix@CLCHI?s@SwF@sBBMDIVS\Od@K
5208199059,cnajHigir@FzAIrB@jCB`BLvCP`CA|A@hCBp@DPHDR@f@I~Bg@vCqAvBk@`Ae@ROJi@JeBP{ABeDV{GDm@Jg@TS^Mp@I~BMVIFIB_@CmFGs@]sBGk@Ac@BMFGZCPC`@[v@_ANUDOAc@Ow@gA_DWgAE]?_@D]HMFCH?PHPXj@hAVRL?TIXUpFiFh@]TMb@If@?d@BxAT\@`@An@G\APHVRbBfBtA|@lAl@zBn@d@J~@@VBl@TdAh@t@R^@`AKf@?xALbAPrBTt@Ff@?PGVYhBwChBkCvBkDTc@Pk@?IEQUa@e@o@kBuCyAgB_AqA{@wA{@kAYk@i@o@WU_@EmB?wAEiCCc@?wALkCl@s@L{@Fe@JUJKRK^Ot@WjBa@vEYrBKZKR[nAOXSPUNe@Pa@Le@DyA@uAUw@Ga@@e@H_@Pa@XqApA_DvCSNSHI@GCQOOW_@y@W[KCK?MFILIXATDj@Ld@pAtDH^B`@A\IPe@Xa@Zw@t@KTB`@\dBJbA?n@OtAA\FbCAp@GJQJyCRWFIJObAMrC[hCU|EM`DEd@GRc@PcAVaBf@iAZ_Bl@qBl@e@J[BQ?IEIe@C{@IgII{B?qCGsC
5196619093,inajHciir@JdDCfCDxA@nB?vDJ~BJ~EFf@PH^AjCk@l@SzAs@f@QjD{@t@UhAWd@En@Br@EbAAb@ERMHaA@uLBqBGq@WaAGa@IiAEiBFgC?m@YkDCm@X]~A_At@g@@CIm@Oq@oAqDSw@CWA_@BSJSJERFPTj@dAZVBBH?TGVQnFkF^Yb@UZGT?`CVf@Bb@Ax@En@I^Mf@U\[PY^oAp@qDXqDPsAZyANe@N]HEREvAGhBS|A[xA@bAOf@CvBHjBCXBJBZVh@j@~AvBnIxL^l@LXBLKR}BvDeBbCsCjE[ZUD_AGkEk@iAIc@AgAJ_@A_@GWIkAo@c@QWE_AB]Em@SkA[w@]sCkB}A}AOISEO?g@D]?iC[s@Ga@@]Hc@Rc@\mDtDqA~@[JOEMOo@oAQUSGUFKRETA`@B\Tt@jAjDXj@PPTATGr@]VGJ@JT^lBl@vBlA`Fb@nCd@tBx@hE~@fEb@jCAHEDm@Na@Po@r@_@XeAb@m@Le@T}@v@kBvBG@YYSKkAOuDOwAN]@o@KKDe@b@c@T_Bd@yBd@aBr@wBp@w@LO?SEGSGa@KwAGkE@mDQ_E@sC
5171766415,gnajHiiir@MeAC}@FwCAe@ESUOUES?y@NW@yAMoANqAGaBH_BESBODMLKNM`@Er@BhBClBFzAIlC@t@|@jLJl@^~ATlCJH^NhB\jAJpAAvA^bB@rAHfAAb@GbBe@pBy@vBm@hBq@nCq@ZC`AClBDb@GLEFGFUDq@?kFC{BIgBOoFC}EC[I]SYs@i@}AcA]QyAU}@I[@y@Hi@GW?]DqAZaAB{@HY?sAO]@SDOFEFGXEf@Ap@@jFDf@J`@RTTJ[Ge@Q
5167426163,cnajH_hir@@vCKfBAt@LdBDzAJ|A@|CDzBBnBFp@DFHBT@VCbB]lDkAhAg@nA]f@URMHQDSH{ATkCH_@NYBMBsADk@DMHMNIZMZE`BI~@M`@@PFLHJb@Bb@EhD@vBBp@BTHRJJRHX?RGPI`@]`@S|@Yf@K|Ai@RS\_@PMtA[VKRQL_@Ba@@]I{@iBmIqCwNeAeEk@iBMQOFy@f@gBz@gBxAUHq@JaAd@S@GCQ_@Mi@o@oD}@}DkB{GmCwIaB}Gm@wBMq@SaBQgAiA{EeAaGOk@eBsDWc@a@a@UMUIo@@WAiBi@UES?OFGTGZAb@BrFB`DC~B?zEDr@b@~AJ~@?j@GjC?r@RnFLjB@vC@\FXJXPNVJzAT~A?V@HBF\PlBHXPRNDp@?j@Fn@Th@FJP\bCDhDF~@Lx@J\LLJFd@JPL?b@C~BDbDKzAQP]N]B_AEc@?
5056217675,snajHuhir@DyAOqD@o@BWBEd@]pBaATGRB`@XTH`AElAHXCt@QnACbA[x@K\?VL~@nAjA`AXXLRNh@n@lEVtDDzBAj@QrAA\P~FAfAERIRWRUF[@iAI]?gALy@NqAHkBx@oAd@oCn@{Bv@i@Fy@BaAIyAG_@BiAVe@@aBOuA_@}@MQIIII_AQqDSsBIeBK_@e@qAKe@a@mEQeFSyDFw@V_ABs@Cg@YsBWiF@k@D_@t@sEz@iDZmBLe@LORIl@E~AAlAMlACl@FfBt@TBtAIdA@XEt@QH?HFPlALnCJvHh@rL?DNHn@JNDLH@F?hCD~BC`AItACNOF_@Jc@DcBBiBL
5032374064,enajHciir@QgACUA{DCc@AMCAc@BsAO[Gu@WSC_@B}@\a@DiAGsASs@CWB]LYVMVEd@An@F`D`@~If@zFDvABnD@LJLDDRBl@?PBLFPTFd@DxCC\[Nu@HQHSVG^MpBGfBCpBBrAFf@HNXJ|@BXFTTj@bAdAx@HNHtBDh@JPZb@x@v@b@VnCtAn@VfFlA\D\A`AI^K~@YJGRQFw@DsBDo@L{@JSJMRI~@O\K\Ud@e@TMzAOzC_@z@Sh@]BEL_@RoALkAAo@Ku@Qi@OUeAoAwAuBsB_DMWK]E[BYj@kAJ_@Dg@Ci@Ik@_@qAGa@Cw@B}AE{@KIUIs@FOCSOM]Ga@?i@J}B?WICO?qAPWBwDGY@iANsAEsBVO?QIIKOY
4918208114,yz{eGiyl{C\h@Tn@Jd@Ft@Av@Er@Kr@Uz@Sn@QX]DcAEWFYVc@x@E@OA_@Si@e@gBsBUc@Bc@VqBHcAHeCIaBDsAJ_ANc@LMPMrA_@VCP?TPX`@Xj@lAtDfAbCNh@H`@A~AGbAWxAWx@KLQF[@u@ESDOP_@r@ILKB[IOIg@a@kBuBSYGUFq@Z}AHu@@WIs@AgADiAL}AF_@Pk@R_@\[p@[d@IL@VVPZv@dB`AvC|@nBL^F`@@jACr@Gf@[|A]`AYFM@_AGM?SPe@r@UPMC[Qk@a@_@]_AgAO[ESDs@TmBLuA?WGaB?mBHeBBUJW^[j@Sl@Md@ALHRVb@t@b@dA`@rAN\
4889257224,w{{eG{yl{CKq@g@wAe@iBQe@[c@QEW?u@Hi@R_@XS`@Il@BjEAt@KvB]|C?`@T^xB|Bp@d@D@LGn@q@PKRCv@J\AJQN_@`@cBTiADs@C{@Ki@e@kAaAsBi@iB}@iCOWOCY?s@Ns@\YVS^G^Ab@BtAAfFGp@YbBEv@@JDHZd@`DvCPIl@u@PIbANX@PADEJOPi@`@gBJgABu@Ak@Ec@G_@Sk@wAeDuAcEYa@GCQAe@F_A^WPWVOZGb@?|AH~AE|BEt@U`BGz@Bh@P\vB`CPNTHROd@a@VM|@NX?VARa@r@cCNsAB_A?a@E]K]eBqD]cAs@cCQ_@QYGCOAi@Fq@Ti@\[`@G`@ArEIzDY|BC`@@ZtAnAlArA\XF@TQ^i@PMPCf@@\CTGROTm@\yAHw@?y@GtAIx@UfAWj@EDYBeAGWD[Rk@v@IHE?c@Y[[o@{@w@}@MYB}@X}CAeHBcAFe@BG`@_@p@Wv@QXANBTVP`@dAzCfBfEcA_B
4883539153,_}{eG}yl{CQuA]yBW}@Ug@GKc@@s@Pw@^e@\CFC\AnCIvBChBEp@Y`BC^@ZFLbEvDPKh@i@RKbAJ`@@PQRi@j@oCFaAAiAMs@a@qAe@gA}@cBm@{BOc@Wc@e@FcA\m@V]VIZCf@?zAEnAEpDCd@UvAAT@ZJb@\b@`B`Br@l@D@l@s@VMXCdAH\AL_@h@cCFi@Dq@?w@Cm@Uy@Si@QWa@]
4864883783,c~{eGayl{CiBq@QYa@gAYg@_@_@SEEBKTEb@?tBDdC?h@Ip@[fBGbA@HFJZ`@dBdBt@f@PIf@k@LITEh@BTAVKTWXq@XqANgA@_ACg@Ka@e@gAe@yAu@}Ae@}Aa@kAUWQEU?c@Je@Ve@\UZEPCj@DbBAtCIxAY`BKr@?b@BTFNxBfCh@^ZHRSf@u@RONEL?bALLMJOX}@VwAHgAC{@E]Qm@q@aBa@iAi@gAK_@NTbAnCv@fBPr@HnA?x@Iv@e@pBSf@CBU@iAIWBWLk@x@KBUGe@U]WyAgBQ_@JkBd@eE@a@Eu@Bs@Lu@Ra@LEH@TPPZZ~@LNRJfAZd@XV`@Xn@
4849774798,cy|eGotl{Ce@m@s@oAw@s@m@w@o@o@s@cAk@g@]a@cAeBIe@CgAISIEo@MWMSSMYCW?Ud@qDDo@@i@Eo@g@uF@o@JmBOy@c@oBMw@Pg@bAuBJYDk@JObBkAh@Y\G|@BTI^_@~BgD\o@Pe@|A_F`@{Av@_Eh@mEJkBBuBCeAI_AOw@w@uCQi@We@u@aAw@uAa@u@Sc@Kk@C]B_@H[P[NOVKRC\?rAN`CHb@CTITMfA{@r@e@jCoAz@UTKHKHSBc@CQIOSIS@m@Ls@FUHgFvDYLWFY@u@Go@IYIc@Y{AoAUOIAc@DsBb@{ARUHWTOV]~@MXy@|@a@l@_@x@Kf@G|C?|AF\dAxDt@bB`AbCPl@Dh@?rAL`AGzBi@jBm@~@Q`@u@xDIl@Qd@[`@cAz@kAvAwAjB{@|AwA~AyBtDQb@Il@Cf@@\d@rDJd@\lAZnAFLNPl@^TT|@|@T\RRVHPGrAiBr@{@XQRELVVxAXt@l@`Ad@d@\f@XV^PN@zAi@d@GB@DL\dBPf@NBL?lAUf@EF?LFNNJ`@Bp@Gn@UrA?FFF^N`Ah@bAXHJGh@]hAG`AG\a@`BGJGFK?_@Oa@]m@s@QGE@MNId@ARBRRn@
4765400502,ey|eG_ul{Cw@y@s@kAmB{Bq@{@mBmBQ[]w@KQUM_AKQKIQGg@OyBB[TuALaADaA?_AI_Ba@qDLyCSeAc@oBI{@zAsCJWBQ?ST_@lAu@`Aa@^Eh@BNEXYf@w@nA_B`@m@j@wAzA}El@kC|@cFLqARcEE}BKsAIg@YcAq@uB_@q@qByCe@aAK]Gk@@a@FWN_@RQTMTEh@?dANh@BfBDd@ETKnA_ArAw@t@e@\OP?RH?FGVOVQPSPkAb@YPOR]v@mApBQTSNSHqATi@D]UQm@OSOEM@MHIJE\D\N\z@|Ad@jAlArELt@HbABdACv@e@|Es@tFOp@mAnEkAjD]x@Yf@oA~Ay@hAONSFq@Ci@HiAf@k@`@KLMVS`AIX_ApAQ\Fp@j@fCNdAAn@OxA?PBZh@lET~@Tl@`@`@RJVFv@D~@An@Hj@@JLTt@FLJHRDp@Ff@Lj@?LBRNJZD^Ep@[tBaAjFEZEx@C|@Dd@JX\p@DR
4742075598,ax|eGctl{C\DR@zCOz@BTFNNBLBX@p@DNZHdALd@Jd@PTL~@v@fApAt@v@x@|@z@l@LLJZBvBR`BJpBPdBHnB\dFHb@`@|@Hr@FvE@dDFzCLnB?d@CDOFeAJa@Hq@d@s@TWLQPCR?XZxCPdCCb@Oz@@v@p@tI`@tD@f@Ed@Wp@e@n@s@r@g@ZmBb@gGl@O?OCI_@CmBW}IA_EK_ASi@GIUCU@YLElBENEDKDOB_A?_ANEk@AyAEWUSwAm@YSg@k@SK[IMIAEB]PyA?s@G[c@}@Y}@g@iCWkAGi@@a@RcCHgCZaG@iBH}CAy@Gs@_@{Be@iBYiBG_AC_CGoA]yBg@{BI[OKWGsAMQKS]mA}CMi@WoB?m@BUFMH?x@h@vAn@`@JhALrA\ZDBAAUGi@UgAc@eBY{@c@s@gDsD[g@GU?_@DSPSb@SbBa@VKf@a@v@{@`@YZGH@FBDFHV`@tBPd@X\~@n@NVPf@d@rCPpCJx@X~@l@fAVlA
id,polyline
4738496831,kx|eGysl{CHZEZS\k@l@MRAFF`@l@jBNz@Fn@@hAMpE?^D\XRZJf@Fb@CFCHUV{ABMDET?t@N~@LhA^v@`@`@XRZVl@Xz@|@pDLz@VrEPtBJdE\zFCxCD`@XnALbAl@fGP~BRhBTdCm@iIi@_FAe@@YDMLUTWRO\KzBYj@ODi@Q}GCcFKmCE]Um@GYa@wGkAgKE}Bq@mBKm@Bk@H{@Hk@J]V[v@]XSF_@@a@Es@k@qC
4519031493,my|eGgtl{Cp@PR@zEWPCJ@RJPNOnAFRh@L`@BNDn@Tn@Nx@Jt@Hh@Gt@@h@M\DP?XERGhADHCPU@Q?OI_AMo@EQM[[}AIQIG}Ak@[CMHGJa@bCg@nD@\DTLNPDd@AXBr@IJAXSTGrAKFMAg@OoAo@eCGOIOo@UWEWO]II@IPI\Kv@Mr@Gh@Qj@KdAA`@F`@LPPFv@@PDDBJd@V@BFA\a@tAE^@JDN\ZHL?`@DFBBb@BFFK`ADx@L`AJj@PvBJx@FdAAb@Jz@L`DLn@@d@DNHFVBHNE~@HnC@vACv@DX@XA~@CVDb@?dAAZJh@ERUFg@FWE]JKLEd@MJY?WD{@DMEE_@Ms@Gq@Yw@Iq@?OHq@KiA?_AAOBe@O_@Ga@?gAIq@By@E]As@Gm@?a@MoCWoAOc@Ga@YiAWw@OW]a@WUQ_@YWYGQ@KIEKU@c@IUQ]CSOQAOOkAwBW_@YUK_@[_@OWOg@_@g@_@u@?OXQp@UT?d@Yl@M|@F`@INDZAZAPE^CZEZHb@H`@Nt@Tp@J\CXOJQd@uBL{AZmANa@H_@FETJ\FXNp@HHFh@xBPl@Bn@?~@KVI@i@?SBk@?GAMKGQF{@Ia@EKUQo@_@G@KLKVAZBRDHl@lAJLjA@`@E`BABI?u@GYGGCAe@?WBYF[AOIQ[g@g@c@SEIAa@Ho@R}@FQHC^T\D
3999827204,qnajHeiir@QqCC_ADeALi@PQ\KxAQjCSd@Kd@SX{JCw@Oc@UU_@Ia@?_BLgBCo@@gANqA^yAT_ATS@SA_E}@o@Um@[WWSe@Ki@C}@Bu@LaBR_Bn@qCx@iE`BaGp@wCP[dAwAlBuCn@}@^_@z@m@hAqABNBX?vBHp@Rp@hAdCRn@PbAx@jGRj@zAjCZp@fB~Fx@zBv@hDx@zCxApHJZJNb@VDH?PM`A@LdBhCLXFZn@zEZ|ADd@Dv@?lAEbBQ|D@jDCn@CVCBOFWDcBDuAAWDe@LaFbBoDfAeCj@qCVg@?YCIKOq@QoBM}D?gA@SLUPQXSPGb@C~@Bj@A^GTOFOF]?}CD{@L{@\mBMEQCwAJWA_@G
3883497525,kx|eGctl{CyBuBc@]cAk@@CUoAWw@]i@sAsA]e@Wu@Gi@?SD[Rc@b@a@x@g@l@W`AYbB[|@KR?TFPRFRHh@BbBH~@f@`@v@`@TPPTXh@RPrAf@jAZ\RPPNTHZNx@HVLLl@VNTH\@b@Ev@QfB?`@B\HDXFh@DlBBrB?TCXKVQJOFODU@WC[e@cCY}@_@Wc@Qc@MUAIBQ\]hAo@|DCh@DRPTVL\F`@A~AK^Eb@ST[FU@SEq@[uAi@_BO[UKi@Qi@EQZQj@YlAY|AG|@?TH^PTVLb@Dj@ArAGZEVOV_@?m@Iw@WeAi@gBEGMK]U]K]GIDORWj@On@]~BOb@KXWXSL[DYECI@YPeBFkA?k@G[IIg@OQOMUQu@Wc@c@c@]W_@SUGSCk@@]Lc@b@IBC[NoB@KAIe@_@WM[IIAK@WVc@z@Yt@GTEjA@tAHz@V|@
3848079953,sy|eGagl{CWAOHOVIZGd@Cf@@tCC^KROFw@@k@J_ADk@No@\Ss@GKEAMLKPKd@Eh@@l@`@bCHzAAjAMnC@nCYjFY`DIlA?|@FxAAp@q@lFI|AEjB@p@JlABf@EnB@j@PrBRtA`@bBJXRcAJQHCTBPJLN@r@IpBS~BCdABl@LlA@`@MxCCtBFpATzBB|@Cb@UtAEh@@hCGhB@f@FHNFzCNJ@HBFd@?rCHjBBrABVDRVHf@B^?XEFCNSbB}Cl@oAf@{@L_@RcAJWJMLGPCxBLfAAnA@XIFm@J_DCkCBmBEmB?}AEoBBcDCw@KgAEUGCgABKCc@WQA}@DECGKOy@Gw@C{C@yCQkD?kCAYGSMKMCm@CUGIYo@yDx@kBH_@NcABIJIVEz@E^EhBa@TCx@@ZElBe@bBq@^GX?WUQ]Qi@QcACq@BgBIaB?iCCu@q@mEc@wF[qCOq@}@}Bc@q@]][UYIeBS]Ka@WWYW_@q@}AIOMKKEM?c@LOBKIKY[aBSs@_AwBU_@k@q@[g@]s@o@aBQ]wBeDiAuAyAuAgBeBW]O[I_@@]HUTQfA]f@SbC}APGVARBNJLNLXR|@B|@IbBBD`ARXLh@b@Rf@Lv@n@nH
3840000670,a{}eGemm{CF|@CpB@r@Hp@P^JHRH|ATNBRN\b@d@nAXj@v@fAh@b@hB|@f@Hx@@`@D^Jr@ZfCtA`@f@Xl@Nn@TbB\|@Nf@Fl@Dt@@nACnAK|BG|CW`DCtCEnAGzC@j@DXN\LJTDJCHEJSFe@LyANkDd@oEH_ABcACuCFcBBuBHy@Pc@DCLBJDPNf@p@RRJDD?HGL[Le@f@oD^eBTm@ZAbBT\H\Pb@X`BzA`AxAv@|@\T|@RHf@H`Bh@~FFbBTlCP`BFnAHZZ`@JT?tCPnEIbC?p@JrC_@Ds@BWDKHo@r@m@h@KD[DOEKGOSGOOs@[wEGeDO}D]wCQwBe@qEIwBKa@Qc@i@{@kA}AUWYMo@K[GiAi@a@YY]{@mBKEYJG@QKQYWm@]}AiAaEO[m@}@]o@w@uB[m@QS[WcAk@YSiAwAaAw@w@aAiA{@{@_Aq@q@Y[s@cAu@y@u@qAYU{@e@a@c@Ya@a@u@m@{@EK?WLgA?o@Gw@YiBCu@ZuED{@Dg@bAqAjAiBfCaDRa@h@wA~@eAb@wAP[^_@d@YrA]f@W`@c@Zs@Hm@Fs@BgAAw@_@_GKw@Qg@CBG^WnEGl@Mh@}@~CQzCKn@Sr@Yj@s@h@SXeAtBy@fCYj@UTs@j@[Zc@l@Wd@eA~Bw@tAO\GbAAfAHv@^zALt@Bd@C~@@l@Lh@Vh@^f@hAjArA`BfAhAVb@l@|@l@lAd@lAT\z@r@`B|@vBvAzA|AhCdCz@~@t@jAr@`BJ?RE\WT_@Te@Xu@t@kCNgAJgCTiBBg@CYKQiAs@KKi@{Bg@iAKKQ?g@@]DqAXq@^c@NiB\a@Tw@x@UPiAn@i@T[O]Yu@}@JOPMrAi@`@UrAuAVSXKVGzAQ|AW~Cw@j@GP@LBFHDP@vANlDC|@EVIRQPs@c@KEg@TcAx@OFu@k@WKo@Om@AABBL`@hA
3838062926,i~{eGwyl{Co@I]Ac@DEDGZO~Aa@~BEj@?j@NNTL^Fr@@jACj@I\MDIH]Bc@Gw@a@iBE_@?]HkACa@Ga@e@cBSsAMi@EOa@Go@Be@Ji@T_@T[ZW`@Cb@?l@LvB?\MxCGt@SpAEp@F^P^dAbA`AfAXRLDLG\a@NMRE~@Ej@SXYTi@R_ANkAFu@?s@Gi@Oo@Wm@W]SIq@Bi@Ec@Ke@UMKo@mAU[}AuA[Qm@MYKoAw@s@_@]Yc@k@MKMEO@g@RM@SCUISOW]s@mBQ_@GEk@AoAJa@L_Ad@_Bb@q@^a@\U\Qj@CPJd@b@dATd@|AvBpBjBxBxCNPRJVDnAA~AHz@?PBLPN`AJTFDTFr@D^FXJ`@Rf@`@vA|AfB`BFAt@g@TKVGr@GRGLINQJWb@cBPeADm@Am@Ec@UaAWm@YYc@O
3815716974,uy|eGmtl{Cg@cAeAeCm@cA}@cA_BoAYYU]Wo@[aBK]QKk@UUQIy@@cALoBNs@DEX?~@`@XF`@@hAIb@BVN^t@RPZHx@@`@Db@N\TNVN^Jt@LhBJ^PX^Vz@XJLPb@LN`E`BXRPXHZL~A|@h@JLBr@?`AM~C`@Lr@Fv@Fj@?rCSXGXMJO@IBa@C]Ik@k@eCM_@e@[w@UYCQ?MZOr@QpC?b@H\HPNLPFz@Lz@H`@A^KFMD]?_@E_@[uAe@{AUQi@Qe@Ia@AEFILOd@WhBc@bCKhAHp@HzAH^DF~@r@\\|@jAP`@Hn@F|BRhBBjC`@vDFxABdBAHWTGLEn@UhAAz@^tFTvBBh@CF{@ROHIJGTAPBnACTKPFJVHbAAD@NZRpABl@CRSx@K`ACB{@G_@?MEKS]}AKaAU_Do@wCK{@IoACs@AuCMsIMiCQwAe@mB]_BUo@]o@Ya@_@_@YQSKsAKo@Ua@Ya@_@s@_A_@y@q@oCu@oBC_@PsB?[EWMUMMOEW?
3784899994,gw|eGaul{CJj@Cd@e@hB_@`AG`@@^Xx@b@|@h@|@h@p@b@`@xAjAd@Zf@T|A`@VNTRn@x@Xf@Pn@Hn@Ah@CFKBY@y@Q]CM?GBKNWn@Kj@k@nFAl@LXLJPHv@NPFBBBZD`A?dDDp@N~AB~@?~AEnAFhA?r@ItB@f@T`DBtAAdAGf@SPWJqANWFYLOJQn@C^Ab@FtDNhE?vA}@?aBMmBDSCMII_@Cc@?yDGm@Ie@I[GGUQ_Ag@GGACDc@TmAFo@GMQSqAm@SOKQ\{BDi@K[c@eAsAkEOw@Eq@Bu@NgBHiANmGJyDJ{B?eAKuASaAs@gC_@kBEw@@iBEaAUkCc@aCQ]IKUO[IgAGKAEIg@uAi@_ASg@]sAGe@Aa@@e@DSLQHCRDdAj@j@VhB`@lA^VFT?DCF_@?c@Im@Oq@cAqCWm@e@{@s@eAiBoBOY?I\YtAk@tBmAx@a@b@MH?JHXl@J^@TAj@M~A?NJFt@V^VTX\p@n@t@F^RpCLl@
3764431294,yw|eGssl{CtAMzABj@Aj@K`@ULMNYF_@Bq@CoBBg@HYT@TJVLVVHTH~@HZNTp@f@JP@`@C`@c@`CGf@?Tj@LvDVl@CrAS\IJEJMH[D_@Cu@ScAo@mBYW_@Ug@Q[EINaAvDSnAEv@@HLJPFN@tAKbBF`@GNEBCBQAa@QcBa@{AQc@OQWO_@M[IUAOTMZy@xEIr@@jALjBFd@~@z@`ArANPNH`@Lz@NfBJj@Ff@PJHBJCbA[~DEbDIx@MNQJ}@V[PQVIh@@TD`@Rn@b@hAHf@ArBD`BBvEBdA?vCADUFq@HQDc@^OJy@NGFAHDPPHdBDLXTfABZEVSp@QnAG@w@BYDIAIKQ_@UgAg@}EYsBCk@BqACuA@a@ZcCd@{B@_@Cu@KaA{AgDa@eAmBcHYq@a@s@]e@YYc@UkB]s@]k@k@}@wAUWQCQDW@W}@_@mCKc@Qc@}@_B}BmD}@aB_AoAMY]eAQ]Y_@o@s@S[M[G_@?WDMHKTGpAMj@@pARdAC\BDBLZTz@LdAJnA
3739577253,ow|eGktl{CdAGr@A`B@f@JJTVlAP`@NJJBr@@`@HVL`@XpBtBdAn@ZXhAlBN`@|@tFP|BVhCH|ALnAXfBh@jBB^DvLHhDAXEJGB{@DSDQLg@f@OLQB]CGPFFHBlABJDJT`@vAFh@IfAKx@GN@Bc@Es@DSEQSGQKc@WiCQuA_@oD?gBEgA?iBAu@_@}Ec@gEMaCQgAm@kCOe@eAqBq@cA]WOCcAKWIg@YYWY]sB{CIAOBONIRS?i@gC_@yBW}@Q]eC_EkAiC}@mAk@eAg@m@wAgA_@a@g@Q_@U_Aq@o@k@oB}B_AuAc@i@_@_@aAq@k@u@aBsC?]Hq@@_@Io@@qBQcELf@RhBLfDBnCJv@JXtA|Bb@h@d@^bFpBt@R`@D^?p@Ir@YhAm@XKTCR@b@J\FpA@`BHfCKNFZn@J`@Bd@Af@Ed@Oz@_A|D[bCKrAVr@f@~@
3730331818,enajHwgir@T\RJNAf@IZAnANZ@tAOnDAlAO`@Cf@DXHJj@Bf@ElDBnCS|GCn@BZvCOxAOxA?dADT?PENG`@Y~IyCn@[Ze@JYB[Ei@c@yAm@kDs@yCm@qDi@iCcA}FS{@Y_A]o@OMSGY?YHuBz@iCbB_Ad@[JI@MEYa@Qi@m@oCc@eCk@gCaAgDa@aBu@yBo@{B{C_MQ{@k@oDgCkL]o@y@qBQ[cAmAWQUEOVK`@c@zCa@fBGb@D`@xAvHLfADhADhIJdCIr@c@jCC`@@bDBf@BBpBb@LDBNJvARzGRlEBzED|A
id,polyline
3710409440,
3696288795,cnajHuiir@MaA@kBEc@KWQQUOi@Sq@Qm@KkAEiCJ_CDyAN]HCBAx@DvBGhDBnANpBb@zCPrBh@pCJ~@B|@EpCDbABDTDpAH`@Cn@GV?PHFL@RC^KVc@n@QP]FyCBO?ABY|F?~FApAEpAMzBCv@@f@DZ@BTNXH^BfA@l@ClA]d@I\ATBRHHHf@fA^XzCzA^JrAV\JVLrA|@n@RxCXtAJ|ARrGNf@ALCJEFOHyBFg@DIVG`@?xB\h@ALCDEVo@Lu@Bq@?kCAc@Ik@s@gEw@qFSeAMa@gAaBs@wAaAaBgAyBm@_A[_@YU[Gs@?QICGL[LKRIv@KpAEFALIBi@Ag@Ge@_@qAIm@?aBD{ABSNGRAl@H\AFG@WAs@MkB[wIIe@o@mAk@s@c@YWGm@E]USGeBPkA@u@EUk@Uu@Oq@Iu@Ek@?w@FsDKGc@Es@?aBPuAHo@FEBKNWl@Mn@EnANxV
3641518335,k{ajHesir@uAUm@Io@C]BYHSRI~@?p@D|BAjCD|@RrBHr@N~@Pl@Vt@Jj@D^BfB\bCBhADDVCRBRHBJJ~AHxDCd@C@e@Hq@CS@QHKNWh@Mh@U`ECv@@jBEjJC~A@~CEdAQdBGz@AfFCfAEbAGj@o@jCIl@Gn@Cr@B`APfCDvAHbIJ~B?f@KfC@x@Hr@Nj@Rb@f@v@HRD\?VEd@c@dCOjAC`ABjCA|@Gr@_@|BOpDKzAQfAe@jBMr@Gz@GfC]vC~@x@VX@VCj@QnBQbAW~@]`AQr@[x@EX?PLl@R`@dBxBrBlDl@pBt@lAN\Lb@RdAVz@Zz@\l@PJB@JElCoBPIJDNPnAxBRLd@HT?VC\Ul@y@~AaCx@gA\_@\WhCoAxAi@nAs@zAk@VOVYLeALqCAu@Mi@Ua@WUUG}@KUKs@a@QSAUHWRQVGp@ILGL_@XqAjBsFRoALc@~@mCPaAZ_Df@cCt@mF`@iBJm@^uE?uBFw@HKLGdAa@b@If@AzAFjAOXA`ELRCDEX}@t@gDf@}AVaBd@qAJc@`@mEHmCt@wERi@j@k@Xc@Rg@H_@Gc@Ka@Ws@U]_By@k@e@kBwBqBiCIi@GgAEYQSg@c@GMEQ?e@Ju@ZYp@_@RQx@iAd@c@ZOlA]TKZWTYHSF]@WK{BAaC[eCYsAm@yBg@sCYw@u@aBW}@QmAOqBK{@UkAi@eBIyAIOGGWAaC`@wCj@uA`@o@\oBrA[Ne@Ls@FuBAyAFEKG}@Q{H@wDDcANiBYSy@]
3627434828,_najH{iir@E]Cc@DwDSUo@Yq@MoBOcELaDIm@D[HQLMVG\Ap@ZvEl@jHPjDDtDT`D?lCBj@^P|@HTHJH@f@GPIDaA?WFKPGn@EpB]|D?t@FpBEPUd@K\G`@Gr@AnBLlLGvAWxBFzBAj@UfAM`BMfAe@fBE\A^DjCD`ANxBXrCFz@@tCLzAAl@MnA_@dCAt@Fn@Ll@\BVFPLJLBPF~@DZRFbABZFBBJ`@Fx@Cz@Ix@a@xBGnA@xATrGAj@GhA?b@J^JJJF`ANfBLb@JVPHh@@r@U`DKvDF|@X~@LRNFlANjADxBh@\TzAfBPNVJj@Jh@TVFrB@dCQRIFMH_@LmAViA^mC^kAj@kAPc@d@eCt@kCRaAZiC^sBZ_Cb@gBH}BL_BJkBJ{@H]JMTIt@O`@Cd@@zAP~A@zAHTAl@Ot@ELEL_@j@}CNi@Re@p@iADQN_B\cCn@}G^gCLmBD_@Re@~@}@NYBKA[I]Qa@Wc@]]cAo@c@]}AqBcAgAw@eASi@MkAI]MYk@s@IYC_@@i@^CZIjAu@PITE|@ATILKN[f@wA~@_BHe@@m@UkCKwBGk@g@wBUuA_@yA[gBQm@u@qBYiAOaAS}BOmAo@qCG{@Ao@RmB?a@EWm@aC{AiIg@wBm@wCg@oDa@oB]mA]y@ICS@iAf@w@BYFYNyAdA_A\{@b@WHQUUk@oAmFEQOUKEQA_AD}@Aa@FO\Qx@UvAOlAOjCErCUvB@dCCx@Mt@_@r@
3614573212,smajHshir@Cd@G`@M`@]t@Gd@DzDKnGCnEFlAF^LZLPNFTFPBdBCzBSV?b@Df@An@KdBk@|AY~Aq@TEZ?PLl@jArA`CdAhA~@bBnDlFZl@Lr@NrBLv@NXp@t@Rh@LpBNfAZxAp@vBLn@Fx@BpANXr@l@FHFxADTdAvAbA`BTX`A|@bArAXVh@VPNT`@Rl@Lr@?TAXg@jAq@fDUtAYxCKl@Sj@g@~@Qf@SrBe@tBUpBg@jBW~AMf@a@?wCUuEM_@BOFKNSh@KHI?SGa@[Cm@?cCPeFByACiBKgAGMWS]Ku@MUIGKGg@?eBMcB@yCIs@Qa@sAeC_BwB]_@cAy@a@QK?e@Fa@Cm@De@AmAMgB]cBK{@MgEcAe@YMOISK_AW{EUyCY_C]gBQk@Ys@}@_B{@oA}BoCCICWGyA@mAPsENmBHc@TEn@CXGNM^g@PGx@KPOJUDm@QqGBsCOoD@{@Ns@HOLO\O|@O
3601632349,w}`jHyfir@tAEbBBh@Cv@GpASd@KVKGyFKoAe@eCCa@D[JUNOjBs@x@a@^U~@u@\ONVL^nApEn@rDv@hDd@~CbAnEp@xDL`AQ\w@p@g@x@a@\kA@a@C_CV{Af@k@VuAt@s@Rq@F_DBo@Di@HwA`@aDlA}AZmAZiBp@}BPaBCmADuAKsA?WEc@QGKWeAUuBk@BUAQGKKQa@w@yCKs@SyE?_BLyBl@cEF{@AcAGkAOgASw@q@{BSiAIy@G_BA_B@kABg@Ha@d@aBn@kCr@aCNs@RyAn@kHp@iDZ}BJ_@P]lAwAjGmJ\_@PKB?FTRpBJp@fAhD`@bBL~@ZtCZdCdAnAT\Vf@\dAl@bCd@`B^`Ar@xARl@Nx@p@jFt@zC|@pEIVUV_@Pa@HsADy@Ji@@wFO{ABs@Fk@Jm@Po@XEDObAM|AAhA@fE
3594924684,{najHqiir@MwFFo@La@XM\KhAQ\?v@FZAVGz@c@ZIbBAnAO`@@pALf@CZOLML_@@c@Ci@a@uBi@oBe@yAq@kC}@sEu@aC}A}Fq@yBk@sDi@_Ca@yCa@kB}A_GQYOIIASDYXuCnE}CpDa@n@Ud@Qn@YjBSv@mAlDYhAk@bDm@`CM~@StBkAjHKvBCz@?lADdBDd@F^HRj@hAJh@AvCD`CJ|A\bDF`Ad@xJDxBD`@DRRHx@BLBDBLVHZP|ABFLFb@LnAJ`ALbEx@XBZAnB_@|C}@fAWpAm@tBa@bBu@fAWd@E|@C~AFZ?XE`@WJC~@T\@TEd@U\KjBMZUbA_Bd@m@j@i@rAeAEcBKgAc@yBe@uCyBsLu@sDQq@m@_BQWKKUBQFuAx@_@PQ@a@A}@PWVWb@ANLt@l@tBHf@At@ItAC|@Bl@LxA[\WL]FkBBeBR}E?q@BwBPiDF
3571188465,wnajH{hir@ZiAb@iAJa@Jq@AiAFQHITIlAUt@Sj@Up@_@`@wB|@{DRqALaBLsEIcCUiBm@oCkA_Ee@iC_AmEWoBQeAqAyFs@{DOk@Qa@k@}@w@aBS[SWc@_@c@WkBq@s@YUQGMFWLWX]Z[nCuBXQx@YRORW`@u@Ni@Gu@Mq@gAuEi@}Cg@iBi@_CcByGeAaD{@}CoC_IyAgD_CgGYm@w@}@g@uAo@sAe@qAeAeCWg@CAIFg@bAWBmBu@iHaCyAm@WEm@CcA]UAG@QHQX}@~B]n@Y`@oAzAK^Kn@Cx@DhC@fCRdFExEDrAVtE@hAEZq@zBKPKLKD]FkAJ}Ap@{Br@c@TWTOXK`@Cf@@b@Jt@Z|APfA\nEJx@\n@r@bAb@hB`@~@n@zCRl@dAxBz@hCFJJ@JABEBo@ZgETwA@YIcCBiGEiAMiCGyC?gEEsC@c@Ba@TQb@QzAYPGNOL_@HKPGj@ITATBRFh@XVHpBVdAwCfAqCZeAZyAt@yE^wABELAf@BlCh@\BBALc@Ju@J_DHg@LUJGJAJ@TJZ\X`@lBfDhAzBf@nA~@nCh@tArAbElBdGb@dBx@nCtAzGt@lEv@dDKd@o@lBQ\iAp@UPsBpBqAn@QLXpAHZHLf@T`DfAr@j@^^Xb@tA|CT`AhAnHb@rAVnAn@nExC|Lr@nB^|Av@fCn@fDl@jBNp@h@vCj@pCd@hBPdAJXV`@\\dAz@PPLf@Lz@Fr@Bl@Ad@Eb@_@XUHa@DoAE[Bg@NCHO^Kb@SxAIdCArCEHIFQFy@JiAVk@D[CWOOYIc@EaA?gDEqC@O_@Ga@EqC?}AIIEk@eBOQ
3557108501,onajHyjir@YwACo@Bm@Fe@DWJM`@GdBI|Bc@v@[rA{@h@OnBUdBAz@MpAe@xBgAfA]d@WNWFUBQ?]E]Ia@aAwCKc@AW?[DQLOJ?JLt@rAX^NFRCVKTSpAyAnAgA`B}AZWZOTG\?`AJjARb@Bb@Cv@Ot@Uj@Wj@c@FITm@`@sBRwAHyBHy@Jo@f@mBXu@V]XOl@MlBSdB_@f@ElCBxBDjBGh@BTJhBtBpBvCfB~BfAtAbBjC`BxBb@|@h@lAjB~ERl@Gb@a@nB]pD]`COz@e@vAmA~Bw@jB]Ks@u@e@[gBs@yBsA_C}@{Au@wGoAaDa@CFY{BI_@Q_@Ji@@q@Is@KUIIqCcAcDuA{A_AeBcB_@Cw@?g@Ag@I}@S[Ca@@a@Fu@Ta@RwAbAkDhDc@XM@WOSYe@{@SSQCSJGNEXBl@zApFFd@A\M`@a@d@m@b@sBlAk@XyAj@i@N]B_@@_CU]Aa@Dw@LyD|@_C`@}@X
3554130553,ypajHooir@r@iAj@a@h@Qt@QlASfBQxG]jACn@Br@Lj@Vh@^n@p@\f@H`@Dv@TbG@rEBbBVvDAn@Ev@W`Ce@Xm@Pw@HeCJaALy@TsBt@g@NkCf@_Cn@i@HY?CAOe@SmA_@yGAaADw@Fo@NeAEwD@c@B_@FUHKLMRGdCc@zBU
3534481406,gmajHqiir@SkDG{BGo@COMMQKQEWA}@@}@HkATe@BqC@oAKa@?e@H[LOLOXIXOtAEd@?VD^f@nCDf@ErDBp@NdBBl@GdC?d@Dj@T`BDp@@dAKnA?\RzBD~@GhAe@`EHxDErCB|CGdCL?|@\`APvBRrARj@Bn@AXBvAd@h@N\FXBnDOj@INSLUp@mBRa@RU~@{@NUJ[Fc@?_@OyBGkCUeBg@_CKkBEgCBw@Fe@RWRSr@]pAWx@YxA[pA_@ZEZ@rARTBXANELEFWFe@Be@GeCCkBGaBCqAKeBBsDAy@IaBIs@Ma@Yg@c@i@u@s@QWIUW}Au@eCk@_C{@yEQk@m@qA_AcDi@cCgA}DwCeNYy@e@{@Y]_@U
3519012582,smajH_jir@c@oDSmCKI]Mg@Ki@AcAB}ALa@@aCO}@?{@J_@L]TOTKhAAj@Bp@v@`M\fDFrCNtCDdDJfALJRHlA@d@Dh@Jp@RTLPNJXF^@|@AtBMNo@`@SXYvDGZ[|@Gh@@d@Nr@vArDV`@n@l@`@f@X`@d@|@TVRL`Bh@bAb@nBl@b@Tn@b@XJ`@FtABjBT|A?hAVrFb@`ABxAAdCTLAJELA|AP|@Dl@Ab@KXWd@kA\k@RUn@c@`Bu@n@_@hAgA^e@Vk@P}@HaA?_A_@iFM{@eBgGw@wBiAqCOk@G{@?_BCu@Ss@e@w@MYKq@Ae@BWLe@Fm@@o@Ee@g@_Ca@}B[sAo@aDqBmKIo@MoBMw@Mi@Sm@EEM@gDrASNY\q@n@]PYLmBh@S@EEUi@Sw@sBoJaAuCw@eD}@yByBkH]{BgAsEWcCKk@Ww@k@}@QYs@{Bc@eAoBfBiBfCy@zAs@`A[j@Sf@Mf@A\FlFRtDR~GLtBFb@J\t@|@Vj@Tp@d@tBJbADlEJfDHL`Ar@LPHtB@bAEdAOrA
3502266595,_oajHejir@[cAC[DoERqJ?_CB{BKqFJoEImBScCFyB@wBG_CCuDEaAOkBAy@Bk@Lo@Pg@n@kADWMk@a@mAYcBM]SY[Yy@e@}@c@qBw@WUEMDMNSpAaAv@_@|@cANI^MRKvAgAX_@j@{@lAuA`@m@P]Ro@`@iBVqBNsC\qBf@}@p@q@\U^OZIXApAB\HRLPXFVDZA~@Bb@ZtBTdCJv@j@lCz@tFNj@`@bAJ`@d@vEhBfLNp@p@xBp@~D`@pBd@jDtAtIJdBR`BP|BDv@?x@CTEL]j@wDlD[VULM@QSk@sAQUMEK@OJKNI`@?TD^Jb@r@`BVt@R|@BT?HO^YZi@^_Bx@UP]p@q@z@Wd@Sp@Kr@KrAEbCEl@In@MVWLg@HaA@eBGi@?{CXiCJmAP
3486921373,aoajHejir@AcBKcD@eGBgCAyBFsB`@cDD{AKgFQgCIaG@aCGgAGsBOgD?yCDy@Nq@f@iA?KGg@Qs@[o@{AqBq@u@[U}@_@k@[c@OSAUBMDk@b@I@O?SIOKo@y@[MaAIcC@gACyB@sCFa@DkAZaANKFM\Or@O`Ac@bGm@rEWzCk@lDEfA@tCApBBHDBF?LGHKZw@d@aBTc@VOLAJBRLx@v@v@j@R\d@~A\l@hAzAv@r@v@~@VNJILSPk@j@yDf@gCd@oEJgCFcAf@{C^wDb@gCFDl@ITIJINSRc@d@qBLWB@BFBNBz@ChGAj@Et@i@jCq@dFY`BUjBY~A_@nCmAdHYjCo@rEGx@Bh@RxALvD^zED^Ld@D\?zDTlHRpC\`D\nEBx@BfBXvC?pAI`CEjBBh@FDZDlAGfAHXEFa@AuAB_@HURWv@a@j@S`@IZAtAXn@Dd@CLEFGFm@@e@UoE?uAFcB`@I~@INEDGJm@PeBT}D@g@EaACOEKMGQCS?s@JUCIGIOUaA
3470861434,klajHmiir@e@gAOq@Em@@sACi@U[e@UWGa@AkADiB?mCPsBCmABUDULEHKdAAv@Bj@\pCLzC`@lDNlCNdAb@lBNx@f@|GPCT@hDn@~B^b@Px@h@p@Vh@JtAPfCf@d@Lj@z@Vl@`AvGR~BBvAAPM\y@hAMTUz@Y~AOnAGjA?^DNlAGb@@rAPnAJ|Fn@vAFdANh@DZ?ZE~@Y|@SRMAMMM[KcAKgAQO@i@Pq@KaDm@wASoBEsAFi@JcBj@i@HSAOEKIIMG]?YDa@La@d@y@n@yATYl@a@TUHe@B}@GeDMaBq@cEk@yBaAqFQm@o@eBKgAQuCGq@ACUEkACCAG[YyBEgA@eAJkB@o@
3455308520,ooajHuhir@d@jBLz@?\OnACb@Bb@TzADt@?|@GpBAtAPnHX?fDm@rAi@lEaAzAu@vAUzBw@PAR@hAXX@v@EnADl@GNILMV}@^kA^q@`@g@x@In@d@XLRBVGZQZ[\g@Nm@BYA[Gw@o@aDc@uCm@cCc@wCi@qBQuBWaBMm@eAqCq@d@WJ]HSAWg@q@iBk@mASk@G_@?_@FYJMRGRHHJ`@v@RXRNRD^UhAsAnAcApBoB\UXM\GZ?V@z@PlAH^@`ACd@F`@XtAvAvAbAjA`@jCfA`@H~@Af@Fl@R~@d@^Jd@?x@Qb@AvDr@tBHfBLz@E|BUpCChBDpA?p@CZa@Vq@FSQu@_@mAs@_BuAkDMs@Ac@BUHQR[~AiAbAy@jAw@NOHMIY]k@kAoAkBmCo@mAu@uBO[g@C{@@oBLsANaATgCnAMBqEKeBMgAB[EIEUs@aByHg@aEaAgE_@eCEIO@KFOP}AvCc@l@ST_@R[LkEn@g@N_@RYTmAlA_At@i@h@{BrC[f@CJGd@Aj@XhFnB`RTP`Bh@hBTn@BLFSD_ACg@E_AQS?g@Bg@NaAb@sBhBmAv@uAjAMHUFM?SUk@iAQUEEOAQFOREPCh@Lj@fA~CNl@Fp@Gn@YdAc@l@[Ju@JgAXQBW?GGYg@]_Ag@uBWqBSaAu@_Cs@{Cg@qBkAwCaBcGkBeJ]sBg@gCa@cBy@}Ce@}BOc@OUiAaAcAoAs@m@m@[kAa@k@M_@?GBGPMh@QnDAjAFnCGz@{@`Ge@nEY|A_@~AUrAw@nF_@hD@^j@hAFPD\Cr@UfBA`@@^HLLHZDVEdAe@PAL?XJt@j@n@\d@Nv@Jl@@l@?pBQj@AdDNp@FFDHRR~@VnBL`BJrC@Fb@XXXLTBRBbAOpB
3438693446,}majHohir@Cx@O`BAn@F`ERdDFlD?hBK|A?`@Fb@@DF@j@@fCQXEfBc@nBq@nAU~@c@`@O`Bc@v@Mh@GZ?rAR`@B`C?VCREr@g@TUp@}BZ{@Ra@l@{@dBiBVe@Pi@@a@Eq@a@{Ck@cD]iCu@cDg@mD[aA]{@IOOEW?WDcCfAq@f@}@t@g@Xy@Xa@JOCOOYq@wByJcAmDs@qDaBgFgAuDk@qCaA_Es@oFQi@e@qAg@kCc@cBYm@c@mAOWk@q@kBoB]U_AY}@a@SGM?QFKNM^Ib@K~B@bFMnBeAzGa@|Cc@bCKx@QbC}@hFa@vCARBHLP^\NZ@XEh@I`@g@|AQt@QvBYfBAp@FpAAdB@b@BVHTRJPFV@|@AdB\f@BjA@pAHdB?xAG`B@jAKdFQr@OV?FXFl@FlB@vAEhCGz@QdBE~@@dCNfCCv@CRCF_@NYFiALqATm@BIi@OsCGcDKuB
3425888399,_najHqgir@Ht@?`@YhCC`A^bITbD@jAIxBB^FLTFb@?zA]~@OrCiAnBq@zAa@~AW^Ol@[TGRAV@|AXV?h@E`BLj@C`BYh@Op@o@~@mA\_@d@_@xA}@FIFKE{@UmB{@mEc@}CeAwEYaBa@sCg@qC}@yBKQSFu@b@[JK?QUWm@{@aCa@uAE_@?_@FSLQTCRHJNj@nARPLFF?RILKzA{A`AeApBeBXO^OXG\?~AFdAPnAAXBXN|BnBbAr@|@b@~Al@n@Pn@Jj@?ZDhCz@h@Jh@BjAKf@B`BPdBb@|BZ`@@VCrAY`AM`B@xAAjDD\ATGHGTYN]H[@KAI_@oA_AuCeBqDs@mAk@wAW]oAsAcBiCuAcBkDsEQM]GiB@iBQQ?eANoB@i@BoAVcDb@WHYXQf@eAjEWtBMtBKr@w@lCOVMJ_@Pe@Lm@J[B_B?}AOc@As@Bi@He@\uChCmA~@m@j@c@TMA]YS_@[o@OSKEK?QJINGV?^BRPj@tAxDLj@?ZGZo@pA{AtD[n@UZURODQASOO[GYu@yEOq@k@gBy@gF{@oDm@qC[cA{@uB}BoIg@gCi@uBQoBKi@Sg@c@q@Uc@U{@c@yBIUIQg@fAq@bAiBxCkArB_BxCu@dB{@rAYr@Oj@Eh@?\HrACdAWdCKjASz@oAlDMd@Ed@@FHFtA~@XLrA\PJBDV|AH|@Al@KtACn@@v@Fv@PHNDnAFvBRPLJXp@jDHj@Bl@ElAWbBGz@KvC?v@Dt@Hz@Lr@v@Vz@Lp@BbAEHGPkAH_AHqCZiBBm@MQUGqADYCGKc@iCSs@Cz@?jA
3374411060,gnajHghir@`@|EVnHF`CApBUrEAz@DNNFP@`@Ef@MtF_ClCy@ZOTSPSDg@RiEHcAZoBT{@DITIl@G`@?|AL^ATEDG@M?y@EoAOsAg@I{BCs@MEw@EwA@aAFeC?s@C[EKc@Iy@I_ACuBNi@HMNYpAG~@?fALbD@h@CFkAZ{@JuDB
3341443598,anajH}eir@kAGW@yCPaBZa@Fm@@iCIy@FKHGh@@|@h@nDNzAHvEDjEBf@DPl@DpBEj@?r@FrAPzDX`BF^?b@EbASpA_@p@WvBaAvC{@jAKz@QzASZAbABtB@b@CVEXOd@i@f@Yf@QrB_AbBmAxBcAWoBwAkHuBuJiAyFo@yCKYa@LmDjBs@XaB^eA\WFIAQ]Sk@}@oDu@{D}AaFeA_F{AwE}A_GoAoGs@_EcBgHUTyAlC_AjAgBzCc@j@}@`AUd@I`@Af@BbIwAVc@PiAhFo@jDu@fDMdANLNDtANd@H~Ap@h@Lp@?fCY\AN@BBFd@FbABtA?fFDz@Jt@zBK
3296511095,_oajH{gir@PTPNTJVDj@Dd@@nBMx@?N@DDDXFfBB|GGbBSdDEjA@jAJzAAzA@r@PlBr@jEZxBN~CFl@Hd@b@xALv@Dt@?bACzBC\GNOFk@F]HuAb@a@D[A_Bi@sCo@s@[qBmAsAe@YOa@a@Wg@oA{DSaA@c@Fe@z@gENe@h@kANu@@uCCs@Ik@WOYI[CcBEa@Ei@QIEKOKy@c@{Ea@_Gq@iFUgC[uFCmADk@RQl@Yb@Ov@MbAKrDKlCYl@?tFTvD?|@HBx@?fAGjFEdAKFm@JaBJ
3270046587,inajHaiir@DzCTpKAr@MxB?|ATtEFf@TFV?v@MnC}@f@SvA{@`@MbAU`@MPMNOR_@F{@FaC\aFJoBDoCLoBLgDPuBDgAL_A\aAFYs@uBu@iCm@iDQs@Us@o@}AWw@_@iBCcAqC_JSu@_@iB_A}CQaAq@gFSu@w@wBa@wBYuBOm@_AiCSa@[]k@a@e@WqBk@e@S[WK[KaAAUBQL_@VYrB}AzBqBlAaAZa@Ei@Ie@aAkDq@iDiBoHq@_D}@gDcAoC}@uCyCsI_DiHk@aAo@s@]sAQi@Yg@o@{@Q[M]e@oBGQOOC@ELKd@OvAWdDu@dFWnCm@pDi@dBOn@[`C_@tBKhAChCGp@MFODsA@eAZQ@WAm@OiB}@c@I_@@MBiAj@]JUAUOKq@Gm@K_DAaCImD@sEI}CAuBGaD@{ADc@DSXa@lAwAnAaCt@_BJODCXJ`Ar@pAl@`DlAdDbApAh@h@NVBV@LWXeAJQFELFRVVf@lA~Ch@jAJ^XtAn@x@^l@tBbF`BfEj@fBj@vAhAdDjBdG~AzFhA`Fn@hCxAzGHf@?TU`AQ`@QXa@^gD`BqAx@{@t@@VRlALVLNl@X|A`@d@Pp@d@n@p@HNv@jB|@lBn@pDv@`E~@bEdAnF|AhHRr@jDlKzAnGf@lChAjFHf@c@~BKlAAbA@hBC|@a@nFUpBEf@A`EEvAUxBMx@GRu@X}IxCoAf@k@FUAOEMaA_@yH?cEM{H
3254245249,{najHwhir@zAvEp@|BVdAL~@?x@IbCs@|E]fDBBPA`@El@M~C}@dBw@bBo@h@Wf@_@?eAEaC@g@d@{CL]z@_@r@Qr@MdBSf@ODGAw@IgAU{A]E{BGq@KOKKg@Eu@?m@H}DEmAGAq@?iAJ]@gCWiDGgCDa@D[JWLEJCxB?vE
id,polyline
3198000379,ekajH}uir@`DRzBHnA?tDS|@Bn@Ld@VrA`AVVT\FVD~@GrC@lAJbBZpDFxA?jBEjBK`CGL_Av@k@^OD_CJmBf@}C`@uA^yDxA_@F]BW?IEGIMaAKmBWmJGoKIiDKqB
3188053862,unajHqhir@Pl@HRHFPDrDKpG[F[SwFGgDAGICo@?OAOIIKIs@Cs@AgABaALkC@w@Eo@WEaAByCVyATY_@s@aBQQQIc@AmBJsC^]@]Ck@M]O_@U}AmBOYAGNcAj@cCn@gDb@cB\Yd@O\A\BJx@JtBH|@VHPBvABD^Bj@AhDDtCFlAVjCHrD@vCFjCEnE?rDH|BBtDLnC@`AE`D@dBLdEJv@FLnDMXEb@OLKPYLs@?m@c@wH
3184809202,inajHehir@BpJZzIFhH@RDJ`@@b@Er@MjAYv@[~AaAn@YvAa@fA]rAQp@QhBo@VCf@D~A^l@Fh@?ZEVMFG\eAZ_BZWxAo@f@Ot@OvC_@FIMcASoAs@cDg@oCo@iCs@{DKy@OaCKw@YoAi@wAOYQUMD[NkAx@kAl@{AjAs@`@g@Ta@L]@EG[u@c@yAOw@a@kCUeA_@iAi@qAUq@_A_F{C{JgA_Ee@_Cy@cGU_Am@qBg@yBOg@_A_C[m@g@o@{A_Be@[_A_@u@Qc@CUDGHKd@Eb@@|EDvDMpAgFp\c@rDJl@^x@FZa@bDEp@RPNFx@LxAJZHp@Z\Fd@?`AMj@C~AB\EfASd@Aj@BrAPdAN`@HNlBHlCBdCAt@Ed@CJONOHUDc@BoACg@FMZKn@Gr@ErA
3168751555,{najHeiir@CcC@oDCk@g@Oa@C}@?iBHg@?ACk@yHEiAAuABMX]\W^Ud@O`BWl@SRSLa@Di@@s@GkEBuDCq@QiCAeDEyHOgEAyA@]DOTc@h@q@\UHAF@\l@h@~AhAzErAnHjAfFpBhHtBnGt@lCXtAnB`LHx@A`@YlBMvAQzEIhGa@jFGj@[RWJ]F]BwDBiDJeBCq@ECGIg@IkAGyAEgC
3155819072,}najHsjir@Fu@?k@Cc@Ge@KgBBSWU]AYJYDa@Ge@?i@E]FyA?]Hy@@[BS?IE[AaA?ODq@`@GHEV@TVdCBh@CbADhBLf@@t@NdABrAFl@LjBL|@B|CJ~@BxCFz@FNzBZP?VA`@O`AARPHBrC\X?VFh@Dl@CJDnAAZGl@SJGVGNIxA[JKRKf@SXSlAi@r@KRQ^Cv@Kf@MZQJAz@Bx@CRCDB^@d@GFIDYLk@HgAAaAKy@NkCEm@AiAMqAEwAGYIQOGe@F_@EkALg@@s@Q[B]FYLaALQCKWGe@Ak@Ec@NkAEgBQiBIe@CGKEG?}@?cAPuAIQ?OF_@BiA?aAD]DILGf@D~BDx@?j@RrC
3152793196,gnajHejir@Qw@@u@K_BBy@Ck@DQHAh@?t@Qb@ELGPEN@RJL@r@EV@LEv@@JNBt@Gn@?ZM|@C\Ob@APF|@N~@DRJP\Dr@If@KjA?v@MNG^Ch@FTRRFj@CP@\GlAYH?PFPPHd@L`B?pAEXMTcAP}@ZGAk@Qe@?SFS\St@StBEHo@?m@BI?KEGDi@fBI|@IlB?^BXCPQTKJQHiAb@o@\kBd@y@`@a@FKAG@WGMDGIEc@EeC@mBGe@EKC[IkCBm@AWMgC?c@EeBD}D
3147323958,mgajHejir@cAGu@Qu@aAQOCcBCGBSEi@Ia@EA}@TKDKNCJE|@OlAAf@DbDA|@Gp@Ax@Bj@Cl@DvANjA@t@W|@@vEE~@A`AFpAD^?TIDOD[@W?o@KYAQIKeD?}AB{@AuACe@GSEi@AW@i@Ek@BiBKeB?y@CcBKiB@]GwAFgB?o@Gq@QAIEW?i@H_AMa@AaAL}@RQd@@j@HnB?v@NzBFf@Dr@?d@JtALlA?nCNvBFlDJvB?dBBHJB^@t@ALH\Dv@AbABLBNJbCFTBLUBSEk@AgCJmBQwBEQa@SYI}@BWJIBc@Cu@b@q@JYBo@PeAJEEEYQ}Ac@qCY_DCOCg@@UPGd@Eh@BjDEh@Bv@Ch@QnA@NI\CL@~@SXQn@INK`@Gd@Wj@SFRP\XPXHN?j@GJGJy@A}@LsAHoB?aBFWh@KrAOH@LDBR@pALr@NvAHjBCx@B~@@jCB|@Cf@@nACV?vBG~@@`ACnAGz@?fACPGXa@Nm@JcAd@UNGGE[SsC?_@NWVoADe@G[KQIGs@Km@@WJI?UOKCYEcA?KUY_AM{@MaB?MKm@CsBESDMn@Cj@I|@_@`@JZCFF?BG@c@EO?aATc@DMKMU
3103831836,_oajHqiir@GAL[EMIILw@Gy@Nm@Dw@?}@FIDAHIJEbAs@PGd@MVFVXPF~@EjBBXCh@W\@HAb@MDEx@EVBVEV?NE`@CLYZEJGz@WXUjAm@zAa@N]^c@AS_@qAkAgDOo@EU@ODWXUN@XTd@v@L\TTLBTGl@i@|EcFdAq@d@Cd@D`@@HDbA?|@LLDRMLAHEJCT?^LNPl@d@RZn@\z@r@x@d@lBv@jAXXAT@PIAYUwCKwBOw@Gw@@oAGkAOsAOuB[iBA_CIq@KEYAKBSN]h@KXQl@O`AKrA?z@[pDUz@Gd@Uz@u@jAYNk@TWBsARy@?y@KkA]MC}@LaA`@i@p@mAlASJgA|@u@x@OHIBQCUUk@oAIOQSG?MDIDILEb@@b@FRj@nA`@lAXnATl@DXGXSXKFSH_@FICIBOHSVGX@b@FtAPrBKvAT~@D|ACt@GVINYVmAf@gBJMAYMWCcAJa@?a@Dk@CkCDQEK?cAJc@?]Je@@UEMLg@?e@Fk@?}@LSAY@e@C]BMC]?c@KK@GDCP@~@QfB@nBQlC`BF^A\ITBR?~@_@b@MJMBYAcAK_ACu@FoBAwAJc@IuA@i@EcAADFj@Bz@Cf@C?SeBEMH`@?N
3084746485,cnajHwmir@IWFgAGo@K_@MK{@]I?WL[O[@YI[CW?OBWLYK]Am@?GDm@HgAC[EcA@KB]X[x@Cx@D`AVtDPpA@f@CnAF~BHzB@v@FbAJ\Ab@HhA@~@BRFTCb@Mp@?VFf@LTTHTDb@D`@@PAXLJ?bAOf@ETDFJ@x@Nb@@l@Et@DtAGZu@nBI~AKj@MHw@fAITEt@BNTb@Nh@l@nATdA`Az@ZLf@^LLTNt@TXRnAl@H?NAHIXMNElAHf@CROXw@VcAZs@RYd@c@t@[POPa@BQA[QkBIiBKiAUaAWgBKk@MiAU_AKoCBi@?cAWoB?e@@UDM@WDgA@_BFa@Em@AqBJcALi@Bc@Le@FY@g@EI_@U_@?_@CM?OJa@AgALu@@]DSKIISs@
3082554386,_najHohir@^y@Bm@Aa@K_AAs@QeAEo@KSQAIBOA}AFo@?m@Fu@Bi@Ce@Gg@FmAEYCWDoAb@U@SFGFILAjBFr@DnACv@BvAVbEVzARnC?lAHv@@z@RzC?v@NxARTd@JL?VITAVBx@In@HRAl@JDJ?j@Mb@Ih@GlABzAWv@a@x@K^Kv@]hAY^OZCb@@v@DPLd@v@nBJ|@HN^PPL^b@VLVTLDTNXFb@XZFVJ`@VRFV@F?TOPE\IxAIREHGV]Nc@Lq@`@kAVa@ZYNIVGLKJQNi@?_@SqDQaBu@sD]_CMmD@WEcABwADc@B_A?kADy@IuA?sADa@AQXgCBoBJw@?UAK]EM?U@q@LoABYC{@B_@JUCIO@aA
3055957474,eoajHckir@Ji@?MEk@?a@CS@cACc@@QJI|@FP?HIPGHIZGR@PC^H~@HRAVE^UNORIPONEJ?PCb@H\A\Ix@CjADHGn@Mb@[LINChAs@rAo@\u@NCHI^Ad@MFQCSmAuCQo@c@mACa@@UDOLQJEPAHBRR^hANRHJNDZ@h@_@f@q@r@i@f@g@f@q@jAkARQx@_@TCf@@ZDT?j@LpAJx@MHCL?TCh@Mn@a@`@aAVuALgAFqAP_ALoBx@{DJSVUXKp@EZGZ?`@GT@JEN?VEPOVGlAQ^@HATBTGPBJC\BRARBTCR@hAERDHAZ@RGP?ND\@NCb@YXWdAQVOXIXQfBCJAFIT?^Q\?KPIDO?wAL{@Ro@RIHa@NI@[RYJ_@Vk@R[A]G[?]Cw@DaA@MEs@@g@G]@WCs@Fg@AI?KHYJKAI@iA\_@?{@PQAWFWAUFMJEJw@zBMfAI^CVAjAOhBIj@Cd@WdAGRKp@Up@OPKHc@Ji@TMDmCGe@Kg@CWIcAIm@H{@`@]Tk@l@_Av@m@r@a@Z}@z@MDKEYYa@gA[e@M?WLKJOZ?n@@Np@zAz@dC^v@BN?N_@NeAVGT_@Ra@\]Te@Lm@h@IBSEGEWYWg@MqAKk@o@wCEEOEq@Gi@B[JkAHGFI`@ARFbAAbAWtAOnBIHQD
3041126302,okajHudir@aA}@EHFVD`@Xh@YbBQN@`@@vARz@Z~@?NQx@Cx@Df@Bz@ITAP?fDEt@Bj@DFxAC|Ac@l@Yr@Mj@_@f@e@JCLHPAHEJI\GRIn@e@TUHMLANFP?TDVQHOJITC^?j@El@QR?LBZ@\HFUH??BVJx@Ej@FJIDUD{@?s@d@Kd@EFNKUt@s@BUdAHl@^FCHMNG^IPADCPLZ?ZMf@KJSBOA]YiBc@mBc@eCSy@m@gDM{@eAoEU}A]gBGm@Ww@Ua@Wq@EGOAm@v@[PuAn@SCiAhAFJsAf@]Fs@VGCMWSYa@mAQiAMQOs@GOCWUy@G_@[u@_@w@a@uAKUQu@?i@MaAEIKe@]k@O]CY@QEQa@aAQy@i@_BOy@GUEEc@TWFW@KCm@HYAiANYPYMOVCh@ArAPj@BNEl@@tBEjAA~AD`@?TJx@?V?nACbBBh@CbBDz@EjAApADh@B~AGh@IrCHbARdB
2719586117,}majHmhir@@n@IPMzADdAAXFn@Aj@D`@A`@Bb@AjAHLFB\Dp@UR@TJNPBNBh@D`@AjABl@Fb@FR?ZRt@NTPp@h@jADv@AFCBEAMIYGe@J[PU?SJq@EQB_@A]BYIS?[Ik@e@Q@SJSB_@?WEOFa@@IFSBQK[E}@AMJS`@GA_@@k@Cc@BKFCH?R@ZAn@OxA?dAETBlACT?`@HT@N?|@BFTb@\d@z@n@b@h@FB^XTb@RRVPXp@FH^PFHPND@VPb@f@LJLDRLb@NNJVLVPn@NXNJ?f@JbBj@^Bh@Td@Ab@IP?RBNCJ@ND`@Pz@HJDl@Ab@H`@@j@Lb@@LFTEv@JXF~@Hd@Jf@?bAR^M~@c@d@E\HFALOBEBQCMu@ASOu@GGCQ@WKSS_@Fc@I_A@[G}@WSCS@i@KUBIEIAU@SGa@Em@LEAGIUuB?sBM_@SUIAK?w@TU?KFSDIHE?Sb@s@~@CR?h@IRAPEDQ?QGW?UHq@FGCU@[JYLSDOC{Ay@a@[[M]E_@MUSQ[OKi@o@Si@Q]YYMGQU_@[MAUME?Ue@WOGMKKMY]]CIQoB?y@Bg@Fi@?s@C[LeAAaA@KJMHc@DAHJNDfA?JAXBDBJAVIVAPKBQBGFAPAFBf@@\BPDb@GTBTEFG\KHIHFHPLJ\HRLVAPBXADBN@h@?PITS`@S`ASjAc@POb@KZMTSTE\?TEh@UHIVEl@a@VGDGBG?KQkAKmBD]N{A@aBRcA@{AMyA_@wBIIUe@EAi@R_@IeAFi@G]?QHQLc@JOBa@E
2644673009,s_t`GgwshDGg@?g@B[GUWu@NcABa@J[FEVAh@U`@IXQ\[l@UxA}@j@YPED@f@p@\j@PJRTT|@b@r@DPTZVf@ZX~@nAHRh@r@JVLPNDR?TS\s@`@}ADIb@]P_AZqBXkALiAH]JYJw@Bi@FOFk@^_BFq@AgA_@_G?o@E[By@EaA@_@Gi@@]AqABU?s@C[@GKi@CW@QFOEW@IBG?YBKCDNiALWDENi@HMJ]Vc@Ni@LK@a@FUDEXHh@\PBTL\\f@ZHBXVh@ZXTDFDRLNn@\D?l@d@JLRJn@j@LAJDJJVLDFHBd@`@^VPRb@Tf@f@`BfAPPLF`A`ANHzAlAh@\b@^ZP^\d@Z\XLFfA~@hAv@h@d@PFBFLFFLBBD?d@\HLNJLPf@TZXfAp@dA`Az@j@Z\^Rx@h@`@^^TpAbAn@j@ZNn@j@x@h@l@f@\Nf@f@NJNRFBRRf@v@Nr@JN\dAn@~A`@hADTLXVz@@JHLZdAJLDRn@vAf@`B^fALLLf@NPDRPXL\T^jAfCZf@FPTb@TZTl@Xf@h@hAV`@p@|AFH@HhAtBVVb@n@n@n@V^n@n@RVXTV`@\X`CxCj@f@DJRVj@d@^TRDTLXB\Ll@Jb@Ll@ZTTLHzA~A\XtB|BZd@`AfAT\Vf@^h@P`@j@p@BHRNf@j@RNr@VRBl@V`Ap@Z^\V^f@PBTJJHLTPLj@bBH`@LVL\Dn@EP
2638497585,e}{eGkzl{CqB@AIQGEHSt@SnAINM~@I\Gx@Kd@@LJ\\RL@\?PJz@EXGT@BCbAMPQ@KCc@@_@IgAES[_AIe@Ma@EIm@U]Gi@YSZAVg@bCEX_@fAIf@?LFPVXRJx@Pn@@LDNKd@?F@PCf@a@HCDIG{AIWCW]_AYsAIKUQKCIKi@OGBEHIRCTMNE^KRQl@Kz@W~@El@Bb@P@d@J`@Bt@L`@GD@r@Aj@]@EBKKqAScAO_@Ea@Q}@MO_@KYWm@SG@EBe@fBWj@Gz@Kd@Eb@ETAb@JP`@PZHb@@NDZCLED@LAXDX?b@QFGDWAg@Da@G}@ESO_@Q{@]u@WQa@KKGG?EDOGG?IFGPGDCFIz@IHAHEb@Ov@Uj@Kj@AVBJNXZXx@T\?t@Ev@BXIHILWHe@I}@Aa@K_@O]E[e@cBUQWGWKO@a@MGBCDIV?REVUbAEXSt@KNGPI`@ATL\PTJFL@\VHL^PR@nASF@JABEVIHGJSBSAaBMiASm@SuAQIPA?OILWHc@IWOu@OURC^Ut@AT]lAMj@CfACDHPFB`A\VPVBJJd@EZ@NG\Bp@]Lc@BcAO{@[i@M]Ia@Ka@O[MAm@_@UGM@KPGTGDCD_AtCG\OVIj@@FEDN\JPJHNB\CNHHNHB~@BNCDDH?h@ID@VMLQHi@BuAC[Uu@ECMSCg@CMGOOQ[MOCGEi@OKHSn@[ZM\g@r@KTCVMh@@XJb@JXJHPDDDn@VL@HAZH\IJ?LDF?d@CZIHGDa@@eAAm@Kk@[w@AQGUM[ECAIKGYEg@SWIG?KPIZC`@EBSf@
2605779165,_z|eGctl{CqAcFASDUC}BGG]RQCUBo@QUMUIQi@Qy@@o@CIMI[ASGu@{@KC_@AGDWGGEOk@CSDUDGXGX]dAa@DGNK\INSZOj@O^SLCZ?Z~@X\PHXOh@IRC\Bn@~@L\DR@t@BJHNz@j@d@JRRD@XTBZKb@C`@Hf@b@Xh@RVBVTDHB`A?l@FZBtA^nATf@WtBEHHPRBPMLC@FVHJHzFPBDPEDCPB^?v@GZFTETm@F_AKo@[}@Ky@OYMIi@Qa@UYGGBCFMhACLm@vA_@f@CLAPK\AJ@RHNb@Jl@A|AJNEdADFAHQ@K?w@GsA
2583439758,emajHaiir@J`@Ip@ELED[JG@WK_@?KJ_@?CFK@KHOBMAs@T[Ku@@KCQ?w@[OAm@@SCO@[JYCQDm@GG@ILKPITA`@Dh@An@BZAd@D|@?LDd@CFHf@@\HVBr@H\CHRhAALBP?\JFDAL?HJLB^ED@BFPDDHF|@Gj@@h@CV@Z?TITQJo@Gc@DGFI^@ZMzABj@EX?ZEn@Ap@K`AAx@Jl@FdADRLPLHLJPFv@x@FBb@^LFV\ZVl@zALHJLVNF@XVRVd@^n@RNJTHBFTNR@PFVNHHNHz@PJHH@J?DDJAXDRNZH|@^J@d@IH?`@MF?ZFPAf@FFBHHLBR?DB|@HRDJAVBHAHFH?j@Rb@?H@N?BA`@Fn@DL?PDp@Bx@}@Pk@BEn@AR@TJJCv@LFCDBNAD@J?HHb@APi@NiALc@A}@B_@AWDm@Ck@Gs@YaAEc@G[m@}A?k@Is@GSKSGWEk@QgA?YGUGE_@i@[YMG_AqASQWg@QQOYs@aCCGKEOSWKUUKESg@Og@KCWFK@MEEEMi@OSKo@FcBNy@AIGCGIWKCEGAOFOGOPQCOBi@M[AOBUCu@XGAEEEIMeBDmBEkAB_@Aa@B]A[i@k@OU_@?SF
2566250131,mmajHwhir@AHKN@HGRC\IPAPDB\n@Lh@Pb@VZLXd@r@Lb@PlA?LERCCDFB?AG?FHJP@FBb@?VEFBN?JDT@ZFZ?HERQDAFB@OLWb@gBNOPYJYBg@Ao@LaAB}@VKTOTGPM\IFDFCZBp@Cn@QZMNDHFLD\@NEl@c@BGE}@F}B?e@Km@Su@e@aAK_@@a@GU@KH[D?BKAIKOy@l@ODKFK@KAGIG[Sg@_@aBCYSq@CWKc@CWKWMs@Q]A]i@yA_@uAM_Ai@mBG]_@gAIKGSWsAWe@Sg@i@iBMu@Ca@Ki@o@eCS}AGSQcAK]CYO[UsA]oAG]Mc@Gc@I[]uBOo@q@wASy@KUc@g@IWc@Wk@e@QAI@MLQ@iA]e@Cg@QKDWXWPWHc@c@OG]y@GCE@m@Mm@CQDc@@KBI?MMG?wAFWGWDy@?MFQ?[Ji@C]FOEY@WB[JGASBGL@`AEb@?j@Mz@C`@@HZ\LHPXNJ\b@TPNh@Vj@@LARS|@Gn@e@dAMh@?b@Kn@Ed@KTSv@Q|@KXS\@TDLCHAb@Pt@B`@BJv@v@d@x@|@pAPb@NNR\^^T`@VLXTfARNNRv@Vj@HHj@Tl@NFHDL@l@Ch@?x@KhA?ZBFp@b@DHTJL@FD`AZDAb@BL?HJHBXDX?FB^ANG^AN@JFREH@b@AD@H\@b@Hh@h@~BJVDrAL~ADJDBDHBPNDHJR~@Bp@C~@DnA
2537576303,ooajHiiir@K`CQSUGMFMAe@LcABkACuCXwCCUPAVHZHh@NT^v@CNj@rACLDNDj@KJFVD\FVKBDPEXKFDh@Np@Dn@QDCj@IPEtAGPC^@JFFVD\GZVBF?NGd@Rh@f@~@XfAD\K|AAbEI`@_@|@Ef@Df@X|@?HHZf@`A@d@L`@n@`@bA|@l@l@xAz@t@\j@Db@Gr@SfA@HDTGJGFOTcBDEh@Sl@eAjAeARI^CjA]zAA`@GpAUX?PGnAQfAEp@SXQr@EHGb@Gb@Wf@CHCDO@WKq@[aAO_ASq@MQOm@[i@_@{@{A{BQOcBiDe@o@SOSWi@GBSCEk@?GOI_@Eu@CgBDeAC]@qBDq@Xq@DkA\{CM{AG}CDa@T]@OAyAFo@DMJOVDRHJC?KCOAWD[LQp@Yl@c@j@EpA{@@Mh@g@fAa@n@_@REHJBVXr@Fp@LZDVFNFb@`@rA?ZT~@XdB`@fBJfAd@jBd@nCNp@NbAj@nC?VIf@QTe@NOAo@d@SZYH[AcBxABKKGoBr@CJ@FGDUGm@Ve@AIEMUGQ@cAC_BMoC?oCc@iDI{ABcAQy@IkB@OJ]BuAUs@?_AEQCc@Mo@C]IOKBSR{@h@CFSBICUi@Us@OwAGWO{@KUY{Ae@yAMq@KS]kAMQOs@Eg@Qo@K]GGg@yBy@yBEYc@yA[eBc@gAYoAKw@a@eAG[CwAKcAKUS}@Sk@a@gBe@qAOaAa@q@Qu@[cAS]GCY]i@u@a@W]o@_A_@[UaAWm@EOJUh@Il@Hp@C`@@pAGbABf@?zABVC`@Oj@EfAIRId@IXCZBXCLMNQj@Gn@UnAAXc@rBOlAEr@Qr@EZCj@QzAk@rC?JIf@A\Sn@?J^TXFPL@F@`@E\Lj@EZ[hAAZ@Xf@DXFh@?f@Zp@Pt@`@\EbBJNCbALNEBKp@G`@DrAG`@JdAMbAFZO\CDD?`AFd@?h@Jx@HpBFDF`@FtBVHV^PJf@@|@Cp@SXHBJCh@IT?^BHAb@Hd@@dAIhAFh@@h@Vh@KdA?XJb@AFJf@Dh@PZCHHPANLVAd@GN?n@BHN?QAw@Pg@\QDuACsAXc@?UPE?uAEy@DKOWu@M]O{@K{B?eB@u@BU
2533360127,ulajHmhir@NBEPEB?GIKA]Ki@Ci@@_@?y@Kk@DNLFLC@K`@W@OCe@Pq@TaCDSr@eAZkAJy@?a@HgAGwAEQEEY?[Fa@II?k@RYC}@HkAAMB_@Ia@@SDmABKFQ@MFUIe@CUBGGKGaAKIGe@OYOWFQIWDQECBEEKq@DcACMK@EDQBEAGMQHK?e@DQTa@~@Ux@CE?q@H{@@]BM@]BE?[EI?I@MT}@DU@m@V_AD[JsBBM^s@d@sBJ_AFsANo@@]Hg@?SJe@T{AFMFc@La@Dk@F_@A]Fu@FkAJ]AQ@YLs@@YJo@?SNe@BeAR}@?OBMEk@BSDIPgAd@mADc@By@Mm@?KFIhA{@dAo@XYTGb@Yt@{@n@g@XGf@SJKDQEa@Ki@Ys@Ii@k@eBc@aCQe@OeAi@kCK]GIKk@_@eAAO[sAQe@y@}CQa@_@mAKUKa@gA}CYq@ECONKVSz@WlBAp@Ur@Gf@OhC?TEZ@^In@A`@LpBNj@Ab@G^@LDV^v@Xr@@x@D`@EpA?hAFrAAz@?nBBPAbBDlACF@TAZA`BDLLF@\RlA?HMhA]fBCd@GPCZEJ?LUnAOpBBZ@nAEn@IZIh@k@bBU`AO^IHG`@Ah@Kb@C`@DR@NMx@[`BCh@HNn@XBJ?\FLDBTSXa@\_AJa@D_@E]@UZ}A@]FY@ULg@LgANa@FWLeA?YDW@}@@M?W^u@DY?m@H}@Na@FG@[D?DDBd@DPD`AFf@@~DD|DDVVZBLH|ADF`@F`@\LGN?JFRGXARBJCLK\Cd@PX@HFDJ?b@JhABhABLn@BJJDTIjA@ZIz@WxA@TBJFDZ@VXD@n@KNIPEP@BDR^T|ABZ?p@JbA@dACrAEXA^@^Hj@B`@HbC?XMz@e@jC?LCBFZBD`@EZFLFHCXDN?HCXNBH@V?lALp@DbAIR@jAEL?JEBMCGDWTKRQRm@Nm@FODe@DSFOH
2521088528,cnajHwiir@@GCQBm@Io@@q@EoADs@A[ESDCBSKHORYB[LCC?OWi@IWEk@Mq@Gy@CsACUAk@Em@HeA[YMC]AiAFo@VKQC?UL_@DYGk@YQCE?[KIMo@eBOcAMYIi@Ck@?[Ek@GM[]Wc@AIj@yELg@Dk@Pw@Hs@~@yFVuB\iBD[AGNcAf@mCLwBEi@@QEe@@WE[FqAGcABsBNYNKHCh@ZHDX?PDz@Xl@XTb@LLXRdApANJH?LJb@v@Nn@V|AL`@XpAL`Ar@pCPlAHRNpAJ`@BZHR^~APzAJPTbAN\XrAl@pBP^Jj@JVFFNn@\z@Hb@LNHh@Nb@Jp@b@fBL`AFBHVBVJVLx@LZXxA\jATtAJTJDFAhAe@\WNGA\Hz@Bh@Lr@FNT~@L`AAh@BhDTrA@j@MZARBjBCXGNFf@@dBKf@C~@NrABb@E`AMn@IRUTCJGDEEKLy@LcAGw@HYFE?CGKBo@Zk@LQFm@ZGHK@OFSB]JQ@WAa@HKDYHUNUHe@Ty@NoA`@UQ[q@GUM{@I{BIq@Eg@?YHs@Au@?g@AmAIyA
2518287410,umajHwiir@M?ERDnCGt@@hACrADTB`APfCGv@@XCh@@hAKnCFv@Jd@Fz@FFHCPFb@Ej@STOTKn@EREf@WNEHGn@Sj@WR?TKj@I~@a@XIH@FGNEL?h@MREVMf@Ir@ANIb@Cn@DJFXAVULEHDR?TET?HCn@Db@IJMhAgCKHMf@nAeC\\RQHHHBJQRKFs@JYBCZPHAVLb@Jb@BRSBYc@{Ck@wCS_AUuAEc@Mc@_@sBISSqAOa@WsAOe@_@{Bg@cAASa@aAY@MDMHQROAUOEAIB_@RSPiArAKNE@AFI?GFGA[FMAIBKLu@^MA[e@S_@M[Iw@S}@Gi@_@}ACWISMi@Qa@Ic@QYYy@Kc@KQMo@ASSyAOe@EEQo@y@_CG[Yo@Ww@C_@[aBK[G]Ws@Ea@M]E_@Km@?IQe@_@sCc@kBa@gAY}ACKGg@Ma@Ks@EKQQOUm@}AGWQOy@qAm@e@Q[YOi@OcAg@}@OUFSh@ObC@t@Ap@BVC~@FfAClAQfAOb@BXEd@Id@GRG`@IVC\Mb@UdBKZGr@{@tFU`CUhAUpBUfAIz@BJh@LFDNh@?ZMn@Dv@AVKJGPEl@@JFBH?\KL@J?HHf@?j@HXNPPHDLTF@J?FCX?`ADz@Jh@?PEPDH?NGVG\BHCb@FX?\Bn@C\OHAL@FBj@GP@DCZDBPBf@HVBZATN|C?TRjBAj@Ir@M`@IBEAc@?g@QE?IDOCM@MCc@HUj@E`@C|BBZGPCd@
2505731989,enajH_iir@AiBASEGFCCQ@WGy@A_AIYAWBS@UAeAS_E@oBAq@AKFiB@YCWB_AAmABSCc@BYIq@@k@Ay@@[DO?w@BIB_@Hq@FaBFKVmAN[DUBYPaADi@Ja@DE?k@H{@AaC@YEu@Fo@?G]iAAYGWg@}ACWIYG{AIYi@mA[]}@mAm@g@IUMMWKYAe@[KAGKKGUES?a@KWRMX?NFfDMp@AVITKv@Nx@Bl@@`@Ch@Kf@KpAGVIp@Qv@Gp@EVILG^Cn@Kv@[`BGn@GNGr@a@dCOxAs@vDIr@[dABZA^Kr@MnAGVFFLEFGP@DB?JIhAAp@UtBC|BBl@Nz@Bx@C|@Or@Af@H\HTAt@ET?RHx@C`A@j@RxBHTD\?dALdBFfACLB\@DHv@j@jANv@J^JlAL`A?TBJCH@f@Hn@B|@DRNN`@Jb@DXNRRHBd@KP?v@MJ?RL\?TBJHP?h@Ph@BVDNAZBl@?PEH@LERBb@@^Gd@Q\WHCDC\GJIRGPKFA`@SREZ?NIDGHC\An@U`@GRAXIJANGFIDY?wAFe@EaA@QLcADsAAaALsA@qAHo@?UFu@Ak@BQCMUEI?OAS?k@P]Ea@Bc@ES?m@JWNG@IC_@@YDy@?a@H{@B
2501440922,qnajHaiir@E?COEgCFw@Ga@Em@@SLa@FAb@BJCXAHC`@Cb@@j@KZ@DCb@CNEDDPBVCXM^C`@B`@AX@LA\IX@^BREJ@LAJEVCVGNBLL?f@Kf@ATDPD@@j@D\?j@Cd@JdCA`AGRAVQz@?TOpAS|@CbADp@Gl@?xAEhBCNA^C\KXM|@ENIJUPS?UFCAG@WP_@F_@VYBMDGDILQ@QN[DSAYJQ?WLe@HWPY?OCa@JO@IAi@Fq@EOGa@As@Da@I[A[@QGO@UCo@WG?_@@a@EIF]H_AKKK[iAYkBM[Mm@Ww@Is@Ie@IsAC}@CS?[EWAg@Cc@CEAcAG]@u@AKHw@QsAAo@Ca@?YG]O[AMAe@Bc@Iy@ECQCKs@D_BCgADy@Aw@Dm@A{@@o@C}@D}@FW@kAJgACO_@?IGAI@QFi@b@sBCi@FWLW`@cC@SVoAHy@ToAFs@XaB@UNk@TcBX{Aj@oELm@HSHq@Di@Lu@EWBwEOs@@{AFy@DONWLEZ@TJf@Fr@Tl@\\VLVJJNHXTPR\j@XTr@bBJZ@x@JhB?^LbAF|@BJLVLJVX?v@Ip@A\KbAMl@CZMl@@RMlA?X_@pA?r@GTKRKf@C^M|@@ZEl@Dt@C\@~@Cr@LtC@l@?t@Et@D~DExD
2486756933,gnajHwhir@?hAHb@Pb@Fn@C\Bh@C|@B`AA\@|@Ch@@XBH\FNAFETAFDRXT~@DtBRvAHX`@`ArA~AHPBx@PbBRt@Hl@Pn@RzAPdC@d@CH?PDdAP|Af@f@L@PC^?XKd@D\G\K|@ObAGdAMN@t@Ih@QJ?NIVEBCXCTMPCJIZMZAFCFWBa@Io@IOMi@CWUqASs@Yc@IIQa@UWi@gA_@a@ISUWc@{@Ma@kA{AQg@GKIEE?[NU@WH_@Bm@PYB]FWH[Fy@`@UAg@V[Fk@b@AF@p@DZCh@Bf@Nb@BPHNJj@?PH`AVrADl@DL@f@J|@@x@NlAEt@ELQZ[^W^IXCDQ|@INMFGJSLS\K\g@TS@_@F_@G]JOLSFa@G]KSOWEQIGG]OQO]Gc@Qo@e@MQQIUc@Km@mAqDCY?q@BOA_@H]Bo@?]GM?SPmCA]D[C[Ek@K]k@sAKMUm@EO@_BDi@@m@Ee@E?EBICIBK@MDEAM]Mg@M{A@QEq@NiBBuAE_AQcBMq@?QQ_AGm@M{@WkAUw@Gk@E_ADSDMJCRQ`@Ud@FZC^SZE|@Wf@c@`@Df@Gh@?j@MH?LDd@Bv@WD?FBPRDlAJ`A
2467737906,_najHshir@CYBm@C[B}@GgAKiACOOOIYk@OSNIESAM@k@Ii@?E@KEUHSR[?a@F[AWHe@?cAJi@AYDQDMKKBECY@MECDKVAV@TCf@DpADj@Bl@D`@?f@J`@?HFH?\Hh@?l@Dl@NzAAxBD`@?l@B\HXFv@?VGd@@TA`@FZ?NPRL@NFNCN?XOH@JFD`@Gl@Hv@?r@F~@zAnEJjAAxBGh@Q~@_@|@GVDb@CZ?RTbAZp@b@rARXJH^n@JHb@n@f@^h@FHDf@VTPf@XRFNAd@Qd@Kd@Bd@AV@ZGPe@TwARa@`Ay@v@y@LAHGHS@UAcDKaA?s@E{@Ku@Qs@Km@Uu@Ka@MsACoBBMFEv@[VE`@OVKTS`@MPMNEH@TCd@OTQRGl@GXMJAHBPLHVLRRTLFj@`Az@fB\`@NXn@|@`@r@NNBLLNNZRLTh@H\BZXpBBb@ALGTa@VUHSLCAq@XWR]EKB[Ta@Jq@@KAIBe@@{@LYJUFe@A_@FSCi@Ra@?]EOMa@U]u@QeAGcAB{@Ik@Sy@UkBa@oAIm@c@_Cm@aCGIE]MQKa@Cs@Wk@Gc@MSMBQJQ@OD]PI@CKIs@Gu@CkAQy@?s@Ea@@U
2460792838,eoajH{hir@EO?YUaCGoA?a@AIECMABKG?ODWPOCIHm@ZYDWL_@Ja@FQKg@GM@QGQQAKa@KKIw@IUE]Jc@HKEQ@GCO?IDKTSjA@l@Jv@JzD?\Kh@?h@Db@B`CBFHv@JZBVATHl@@j@Fl@R`AZf@B^AJBHDB`@@ZHXCL@HBDFD?JR@XCj@FP@XOvAXxA`@|@X`AF`@?f@Gx@ArAIhBKb@Yh@AL?PLz@?VF^j@rA\|AJNf@`@XXZf@D?LLv@b@f@NPL|@Zf@DTCp@QP?TBbA?^IFKFWJw@DOJKHYXa@N_@X[TOr@UJ[Da@EaAGoDGw@Km@Q{Ag@}BE]Ia@Gi@?q@Ck@DKXSRGd@Ex@_@v@SPADE\IZSj@Kb@QPEN?JERCF@`@\NZT\PFDFNJ\n@NJ\l@Tt@d@l@DLb@^R`@b@^N\NNFPNzAHZN\F^Hp@?\EDOLINQHWFWTi@FWNi@BQDE?MB]NsAPQDEBy@PY@i@E{@DMF_ATSGm@[OWOq@Cm@Mg@SkBUqAYmBa@mAUcAI[C_@Mc@Iw@WyAI_@M_@Cg@M_@G_@Sc@S_AIyAM[OUQCOFKHSCIBS@QOO[G]EIGu@GoAGYAUBa@Im@
2454265114,kmajHsiir@O^HXDl@LPd@QjAFXMhAQr@Dt@KZHrBQvBAx@JDG@QDqAAs@`@sBHo@@cBJk@T_@Hg@m@mB}@eFOo@Sa@UgA?Q[y@Oo@OYu@eDa@}@UcAo@yBk@eB_@eBSm@@IOw@Sk@QeAe@eBIq@Ay@i@wBg@oCGKc@cBc@mCMi@Ua@Qo@QQi@kAS]a@_@q@e@_A[Y?y@e@_A[MO@]MgA@[|AkAJA`@Wl@Qb@[JYT]v@k@^Ef@YJ[F_@EkAY}@]qBgAkDCe@[}A_@wAIOm@oCcAgDOw@aC_IiB_F{@wBcAmBMs@Yg@k@cBq@sA[WOEMa@EYUu@Wi@i@s@w@_BMc@MUCUWs@Im@a@gAKa@[w@c@o@[cA[e@q@qAg@k@QKo@Gm@a@q@GwAHULs@n@]p@y@|@Yr@Sv@q@rB?XE`@Sj@_@l@g@\i@j@y@jAEHSx@Gv@?`A@zCDp@C~@HtC?nAEhBLzB\`CANFx@BlCAXELq@p@G`@Eb@m@Ei@L[AaBd@m@ZkCbA]d@Sv@J|@VbATzBbAjGj@hARnA^p@T`AR^?p@F`@\f@X|A`@|@Pp@TZNbA?d@Hf@Wt@SHm@j@y@TO^e@L{@Ha@ME@EPG|AS~@Ah@KpAB`AKtBBXCfAEh@BlGIj@WvGBbDGb@F`BXVB`@V?^RLKl@Q~@Jh@GlA\f@Cj@QVs@TMRYJm@@[CWFW?sBEsAMu@LoAhCKp@Fv@RDAR_@RI`A@VGHIfAiEHGVHLCTu@CUNk@NcBXkBPsBRw@H{A\wBNm@ZaCC}@Fo@HQdAIjBc@xA?fAWt@NxAB^Ih@Fn@CpAPx@?DBHv@WlBW~ESt@Cp@]hBAt@KtA?VWn@a@^ENKz@?XQ|@K~DGn@w@xDKr@MpAGXKPAXp@RHJJZLFLNz@Zv@j@VDLGXw@V}@LqAJc@@_@JSh@gBFG^DZVr@Fh@Ut@LfAAJIZHn@B`@GLWNM~@WBTWxBKnA?nDIx@@^ElB@j@Nt@@fAG\}@^ORERCnEFlACbDAPQh@Ef@Dt@h@dAAb@T`BAh@JZh@FJLARRN~@HjBAmBZ
2447035896,onajHghir@Ia@IQAUOk@Kc@O_@AOMc@MKK?CDE@E?AGWEWLYCQKKOQEQg@GEYEKGu@AIBEAOBo@E]FIAEEYDIAe@JEAOKc@@[JORMdBKz@DdA?z@Cr@Bz@D^IbBb@|CD|@Jp@FhAFRAp@Df@AnAFr@ETCt@HxAHl@Av@@RNxA@\a@~GB~AH`Al@|@L`@R\HVv@~@NTTT^f@R^NDZ?H^DHBBl@@NDTPFLTTNJt@Tn@d@j@RX?RFf@?t@SL?XIdA?RKJWFg@Tq@V]HOr@_@ZUNGXWd@WhAU`@C`@SRI\?XGZAJGPAb@MN?d@Gl@Q^EXF`@ENEPMTELILAt@OZEPMl@UHO?a@Ia@e@mAQ{Aq@mAIUc@q@OM_@q@}@kASUUo@a@i@_AqBMKQ[_@SOCWJa@TqAb@c@Z[FQJa@Ju@N]TO@ULE@EAGKKc@QSK@KLWLMNK@_Ad@_@Hi@Ak@D_@?]CSOkA?c@CICU@KCe@C_@AYE[SQUM@KAKO[_@_@sA]a@EAAFGIAO@QC_@Ks@GeACKY}@Ig@KYCEKCEIa@e@IWS{A?o@KaA@m@FGTBVATMd@Ql@A`@I^@`@Cd@KP?FDH@VCRA\Gz@?LELO
2444702511,ilajH}gir@u@mDGSB]MCEIMkAQ?KKOGU@c@MCIMGYBEA[UKCS?ODa@EG@_@Bm@E]EQBi@Ba@A_@Bk@CEFIBgA?OHEDKZEz@?ZFRB`@FzAE`AL`BVfADtAJ~@RfABj@FTTnAHVD|@@`BFz@?VC^@FJEF@LKVCPOD@JVELKLITC\X|@Fd@@j@Nt@N^b@|@f@dB?l@QtC@VInAGXSVEHIn@Dn@FLNt@Rn@Vd@RbAFPpArAZVTHZ\D@XT`@LNNn@NPNPDZEb@KVKNCr@?NCl@CFCDKJo@Tu@DE?IZ]LYRM`@g@\[RMTEHEL@TGTDTGZA^OBCR@d@KXCZIVCb@O|@EX@z@Sr@El@Il@]^MLAv@[JIJCH?HEH]A[E]MUMu@M[Cg@Si@KM]s@U]SQe@_Au@_A_@uAs@yAAKS[GSBIL]DCHA`@[BINSVEBCDEHc@FCd@Xb@JL?XIRBNE\BNKxCWBDH@vBu@T?El@AQDo@ASCKEECUFy@I{@F\DBd@Ef@SFGHSF[Kw@q@gDOk@MiAMo@Gg@Om@WaBY_AC[k@_C_@wBK[AYSi@CYM_@E[GMQ{@EEIWGGQ?ECIBOJQHe@`@c@Ha@\_BrEMSa@mAG[?MEG@HEXBRRd@FXZx@Fb@Dz@BtADd@At@Bj@?`AFh@AXDb@Af@T`D?f@@^ChB@ZDX?`@El@FxAEv@BL`@PJ@PEPDBBd@KXMFOFiAj@B?GjB{AIADGDAJ@HCFM?YCU@SBFTKBEFWI}@GSG_@As@@KBGRQFUJM^WH]Ji@GwAG]aAcFIs@Q{@KSe@uCEMWuASq@e@eAMIe@TY`@UDOJI?e@TIJAFk@oAEFMDWAIJOFCF@d@AhAJp@AXFv@Pj@TvACHDTGH@p@Ed@Ah@@^?n@PxBC~@IPAH@`AGv@@b@FT@r@A\ANINAd@?x@Gt@?HDFIjA@^Ur@MBGEQJE?WDs@a@G@QEO?KDEAYJk@FG?EBEACIESAc@AM@UC{@B[EsAJeA@QLc@Bk@EqAAkACMBOCcAC_@EEKGK@YEc@AUFm@ZK?OBYA]BMCe@@YHS@i@Kg@AUCk@PQBSGs@@_@FICCEQoC
2434092133,cnajHqhir@GEBBDGDm@Ag@G_AEU?{@Eq@K_@FYJKDA^?VM|@Ap@MXFH?RALIN@HAHDd@ENDN?TIZEXFREF@PEPBT?^MR?VBl@GRGJKh@EPNBHHzAC|@E`@IXE^G|@An@K~@@HPPH@VAPBTHHAJBNCh@@NCd@BZAXp@DjAZ`DBdBEtAHfBIt@Cn@?^DVFLFFRHD?NFZAHEZALG\Ut@mBFBCItA{B`@RGBCIK@QMG?MGCaCl@JDC@HFFPALDJ?h@LF?HEJK@GPoCDGTPDc@K_BOkAIi@Oa@e@eDe@eCIQQiA[oAY{B[_AIQKKQm@EEa@FEFG@g@`@m@TURWNIHyB`ARi@IKIHATKl@?RLl@?LDZCHNr@F~AJJDXEbBEd@Dj@?ZHv@DdA?h@HRDV?z@LbA@\BLGhCJlCAfABl@DPDH^Fb@BREr@CPK|EhCR`@?o@x@]PQDi@DQHO^WDFBUIYCWE_ADONe@Ji@FqACo@MaAc@}AY{AOgAWgAEg@SeASsAWu@Mm@_@_CMg@QwAQc@Kg@]}@Ko@SQWFc@TSN]Fe@PiCbBI@CAIJEP?RLj@H~@HXV`BCLEDFZI~@AX@^Kh@AZDfA?h@Dz@@HTf@RnCHpD?xAAPKr@A^Mt@INGBGNMHG@OJG?SDEBSXUt@ET@JXh@n@t@J`@RVHRHB@DEDAL@TP\TNz@`APl@T\L^RZLJN|@P`@HXBTJVAPF|@CJ[p@[TSHE?WNSFWJSBo@P_@DIDO@GAi@Lg@C[N[?WJUCK@SDE?WHg@BUFED[?YF_@Ec@JYAy@`@KJk@x@GDSh@GVc@x@Kh@KLY@g@Gc@BIDW?e@ZI@S?i@Kg@[QEMOg@SOK]Ga@Qm@]SY]OWQIMI_@AS@G?OCKIY[_@c@mAEk@Dw@J[L[BOA}ADq@F]@SL]Fi@@u@S{APiA?MCAO@cAGSMKm@AU@QAQFyAC[GOQCOI_@]O?EIQcAEuADKDADED?GFSMIKEQI_AC{@E}@Ie@AY[mC@i@DIFEHCTBJDr@LZ?LGv@Kb@@LDL?`@NH@lAOrAAPCDEBGLIV[n@i@NKHOTK
2426488622,enajHwhir@CGAYDw@?o@HqAEk@BUAs@G]EEIAMI]CKBQA[RM@SESAo@SQAQLIAKLSFGEc@?e@OG?G?SJm@FMA_@Dg@GQGGEy@B]?[JGNKfAAjBFz@Lh@Fd@?`BFT?TCf@G\?n@@JDVDr@ERDrBHfADVFp@BTJVF`AHn@V`AAH@JDHLbBPt@HBZEV@PBJLVJ\DHCPF\DPA\LH@NAVNRADBj@GTDd@Eb@BTF`@ANC^BFCt@?x@QFGh@K`@ONK`Bg@d@Y\GPGJ?x@c@JAP?HE\]v@[TEb@BLAHEN?n@MN@t@EZEV?hATJABCFSDk@DaDKq@Dk@MkAA{@Fg@SqAB[A]G}@EeBC[?YFy@?}@QiBK[QQGAIG[Kc@WSEa@UMKOEe@AOEYEMOi@A_@B[FMHOAMCQ?QCk@BUAWRUEWKy@He@NEFG?MKe@Cs@SOFK?o@OW?MXAJGjAGl@Aj@Bv@Hr@H`BFh@Aj@JtAKlAEnBFjDHXHz@@t@JbAAj@EVCj@Af@Hp@GdBBl@FFD@VEN@f@K^SNAN@FCp@QJMVEd@Yb@IBEZUPG`@Gl@Yj@Ob@SVGLOPuCFc@Na@Ds@Nu@D}@?i@Kc@?e@Dg@ZsBEk@CqAFy@H]RiBEi@MiDJa@?GEI?KJm@?w@GeAOq@A_@Ok@YeBc@sAOu@O]IWI_@Co@K_@Wy@Mq@S]Qk@Ki@Am@IYQs@a@eAWi@U_ASk@GUEk@q@eD[k@MGS_@QiAMq@GIg@QMNY~@EZB\M|ACLSb@M|@An@M\BXAPo@vEEtABXEZ?VSfABj@Fd@B~AHd@A~ANtAIn@GnABV?NH\JjBBbAC\Dh@I`@?PFbEBLAn@Bb@
2420337849,ulajHwhir@WGQi@CcBBi@?u@@]Lg@DCNBNA^Or@IPKPFXOJEp@@h@ANOf@MT@LCx@Df@Eb@MH?`@HVARBb@JN?XHF?NIT@DBp@TXTf@Xd@d@FVd@bFJvBJfA@ZCXN~@B`@EdAOVCPDhAAlAF|@ArAMj@O\KHa@FOAOBYCq@Hw@@]Pc@Fg@Vq@N]BUFWXGFK?QDg@\WDSHW@a@PU@wARmAl@]Fg@AYJa@He@BIBUEI[Ks@Ci@QqA@e@E_ABuAJqBDAT@RGZYBG@[DWAKBYFc@Im@AiAEYAyA
2411095123,unajHohir@LvFHPB`@@pBFd@H\JTDVBr@E\?LNrBH^E|@AtBSnBF@ZClAa@d@Er@Qn@Y|@Sd@[f@GVILKTCfAe@`@KD@JAJG@GCQLo@H}@?a@Ii@@qDHu@@YN_@Ja@?[NkARkCI{@AkAEa@Ao@D_@HODQE]@_@Ju@?e@Vk@Ta@AUIa@a@qAQgA[qAKw@c@wACYYq@Im@YcAOm@MYGg@Oi@SgAUq@Se@Kc@q@sBMa@Q_AQc@_@sAM[UkAs@mBMWMc@IUQaAGEE?EAc@SEM@oASMICEDG@GCCGEAYAUGS`A?tACz@Gd@Cd@DzAGh@@t@AZ?f@AH?t@@ZCp@Ht@Bp@KZB`CEz@@nALpCEx@@TAd@
2407077911,cnajHsiir@?m@[QISKaBBa@?WD[@yAN_AHaA@i@EmBAoBC[EkAB}@Cg@?a@Cg@@I?_@Gu@Ii@BK?WE_@Fe@CW@c@NiA@WA[Ds@Gg@ISQiAFO?UIe@Ag@OyBJk@?IQgAAg@MiA?a@H[Cg@?k@Gm@BEE{@D]@a@HYTWnAmADBRdAHRHPNDl@rCN^ZbAl@hDTv@Hd@?NH^TxA^nATnAZv@F`@b@xALRNf@DTf@zAH`@f@nALf@@TNz@Pp@Jf@T|@LRPp@PnAPp@\r@Nh@L~@Hd@JVFB?F?GIBCCDL?ZMv@MVA~@@\OdBAr@KXMn@OrABd@Ix@GtADhBGbAEX?d@Ij@@`@JR@TMx@?b@ShA?tBOZMHO@Q?KC]PUBg@TWB]Ng@BWF}@v@QFIBQ?SD_@RUFMJMDq@Jg@@ECBsBGwCIwAIk@@wBAWI_@?W
2395377957,wlajHgiir@Df@CPSRCDAJJh@?VYjBCv@NtB@hAH~@CT?`AD`AE\Dl@Cb@@ZCj@LpCAVXBn@KPGr@OJ?RMl@OZKF?FDJRXZPARDh@]l@[TA`@QNAFETA`@K`@U^KLKVIVO`@AFDTp@ZVDHXP`@`Ab@h@Tn@`@f@Xp@VT^d@JHH@BBXfAj@p@ZLFF^p@VZ^x@Xb@PdA?NH\Pj@LVJd@Dl@Lb@DXDfAl@rC\hAHLHTXXN^FX?V@HJBTK`@_@n@[rAwBH@?JFDXBv@m@Z[b@k@DID[Bu@MoACgBDOAe@OqBEOIw@a@iBGQ[uACEKo@EEIYMQM_@Gk@Qa@CM[o@Om@MUI]OqAMuAEUAg@WaAUk@MqA@u@Pu@@SCWOo@Ca@Ia@YgAIw@a@yBMc@Gm@S_AAKSu@[{AOm@q@yDW{@QmAUo@Ia@Ww@MUICEF_@FQLWV}@RMGM?_B\MVKDOh@ILQFQ?q@d@YJGCQ]EUQ[GOGy@Ke@CY]sAGk@?WMw@Qs@GOMMKWAMU[Yo@]YGIIYG]Ac@G_@?o@EYM[Kc@[s@CMIQWw@Ou@Qi@[sAKSQkAg@uAQqAU{@K{@YuACq@EMIy@k@uAm@s@y@kBS`@MJKR?NDJ?dAIt@?^CTCzABn@CzADx@DPN~D?|ACp@@ZCb@?XLbA?j@ElABhAE^EdA?pANbAL|A^HDJNDT@DB@HXLRDt@@HBT|@Dd@B~@Nx@C\Ib@GdA[nA?PGRCZEC]EU@
2379852049,woajHmkir@DQCu@E_@FI?IEk@?[DICWAs@^yB?MIwBB_CEg@BWAyBESBuAHsAAKB}@EYBc@AkAB]ISEgBEq@Be@@}@Fw@?WCOAw@JqA?WD]?MIe@?QHg@BWCs@Bs@DWKoAAoAKy@DaADk@FEV_AFGLAF@RPL^Nt@Dh@n@hCf@bB^dCPj@D^R~@RxAR~@ZlAH`@V|@Jh@Nb@Hb@^rAb@fAFVj@|ANn@\bA`@~ATr@j@rCL`Ad@nBFh@Lr@NPN?ROXIL?zBaAxA{@EE@HFDBFJ@ZUPEl@_@\[LGRELHHPRrANZThANZLn@F`@XjAFt@b@bCFhAD\Vr@XjAR~@TpANd@Hv@JZh@xC@^AFCBCUEJ?PEL@HEn@@d@x@rCf@zDFRFf@FPt@~EFTTVN^Dd@TpAHTTdAJ|AXr@TfBJRDTDh@?dAKlBK`@Qb@W\c@XWXc@\}A`BG@_@TUFQ?_@YCGO[Ok@g@s@o@qASeAg@aBGg@OQOEUMM@KCaAeBCYMe@Cu@GWCUQOI[OgBKa@C_@i@c@]c@CK?WOk@Wg@OUK]GIc@[CMWc@i@e@AMMUi@m@Wc@UOIK_@IGBIASDWNWBE@KJq@JcA^OAM@WLM@IDINUH_@@YAGEQc@IG[D_@\WLQDGCEBM@OEGGYQ}@GMGIOa@_CB{AC_ABw@Co@?iABo@Do@IgBAwA@UUaB
2358177760,onajHaiir@v@tA^LLEP@PFd@DVKBG@UKs@Rm@Hg@AW@u@IoA@QCw@@[?KECBQLKD?VMF?FB\ENBJADCPWXu@Hk@BYCM@o@Bs@Nm@Hu@Gq@Be@G]BYPm@RaCAkAQ}ABk@Oq@OoACY@g@Iu@u@aDIm@GOKc@Si@g@uCKa@KOCYM{@AWM_@I}@Qy@i@mB?OEEa@_BY_BMoAMe@g@u@Ui@e@qAEAMYIGy@k@k@WSMOAMEe@U{@[IAUOGg@BYCOMUQKa@Si@BOFI@Q_AYk@AGA}@Dy@C_A@WAmB@y@IqBBq@Ei@@_@Ce@G]Wu@[k@Us@AGKQKa@KSCK_@s@SKU_@KCEGOASKw@MEGWMEIWIQQS_@a@]KW?[N_@Pu@Fo@Dw@Au@Di@FYDiABQCs@PeDVgAHg@LsA?YN}@@y@Hg@HWFGNCHAbA`BxAbEj@fAfAtCPp@NPTv@JPTr@H\Xp@F\f@vADVj@|A\|A\jA@VCZEHcAx@On@Iv@?\E`@CpDE|@?l@SpA[`AKh@WtBJnALVLn@C`AC\?h@HZRXNXFb@Ez@@NHJHHZLjARzAr@Zf@ZRl@~@\d@HFH\f@dAHX@JCLYr@MJMPCXBfAClDFd@PAZU`@SDADCD?\\DJCp@@FN\?LCv@Gd@A^Kf@AbAUx@@jAEXQ`@Ir@IVOfAUnAIz@Fb@BDJBHFn@Xb@I^ARETb@J^Jp@BdADP?~AFr@?V@`AI~@BvA
2291693776,{lajHiair@ZrHpAZbOe@bAsDnFg@vApN~FuCl@aD|DuDeIe`@cMdFaVobAiKpSJt]dCQP~BnAPjNa@e@x]vCLbA|J[lB}HTiAfGaAeB
2176319687,ulajHwjir@o@vVlDt@vGz`@tViAbBzE]dFoEbDiJaCeIfBaQwFqK^UcS`A{HtMaArJxBfCbKRbH}EbHiCl@aJqE]oEoAu@vA_a@b@mBpFaAVyJx@e@i@eA
2155118909,cnajHohir@d@l@IwD|A_Fa@nAxBlDlM|Bz@wOiU_dAkC}F{GeDI{BtK{IiEwRgIyX}II}CtNfCjEtD~@nBjGz@z]cDfWbAl@S|IwBnN`CjC[`GtN`CRxKtBfA`@zD
1954698931,yiajHciir@sHyDy@eFeEZ?qMsEgDrB}LLgGgBmAxDuVLkNrGxAvCbFnUbdApNkEhJre@gKtImCeAk@qKgHOaAtD}G\IlFkHrGy@_R
1898048137,anajHkjir@NvBnSS]|U{MnJiVS_@jPtHjKjQdJdc@fChNkM[{K}SejA_NvDgVodAeCaF{GaDS_C|KkJmJg`@eNq]oEv`@lBfD~EvAvBtGx@d^wIjp@jFpEOjGtNxAZzMxH?NxL
1888090910,apajHahir@ViIlVgD@uEaUq_AaBkDsHgCu@pO}Gzc@hA|DyAjI?tJpQb@_A}JuJiE{BkJdGqa@f@{PtGzBtDvGrThaAaEnBe@xLuBLu@|LcGtAeAoE
1881135361,ynajH{hir@bA``@lGXjDb[^|MsAda@|TzB]d[vOVhDkMhBkTzCqD_PyUbA{CfHwEz@{EeAaM_HuWuFa`@uBoKwGr@kFbHeAhLsOl@
1874647806,kmajHyhir@mC|BmNVcAvNwCbAQ`GlEn@LnBoAbr@xIhBeB|TgF`PKb[ba@tBn@c}@pAmSp\~@~EkFvCAfBcFo@}L{SeiAmM|DqWwbAaEiHeEaAcA~Gt@fW_Inc@KjJje@EdAzNiN^YlC
1868492467,wmajHghir@AcDcC{D{QkBk@}KxJ_g@zKmMtVhcApCjDf@hZ_C`JjHzKz@jHyRhEwF_T{PcEs@oZjK_B{@PEwA
1862853435,qoajHyjir@u@u@bJrA`CyKrI[hOgHdU`tAkAfG{IzF@xAjOxUuBd@mI_HcIKeAwLi\yC_JqDeFcFa@{EuFwCPoNfUD|NgF\aBdEIs@qJNiB`CSi@gGqODqAhMoGfAUcT
1854328741,{majHihir@pSd@c@fMaMtAdGzf@qExHoDp@uIsCqDwKqCsAPkK|CaCc@eEoBq@iBcS~SqB
1852290686,_najHwhir@cEeLkFf@^qNvIk@jAiXlFe@tGpPxEhTnNeEtIhe@oMtGiMv@NsN]qFcAk@cArCi@`UeMnDGeF
1849176845,clajHmkir@uAzFx@f[nWoGtSs@?yCtAs@kIof@eMfE_Nof@sEt@aBxD[lU
1831716708,st|eGyol{CvWl@D{EiDqDiBnIhHh@mAaIsBk@eB|IbHDeCuIaBbC|BfClBOEjA}FeAN_BtF~@_EuFuArEv@pBlArA|CiAoAgGiG{F_CxAaGaBqAzD
1824632888,sx|eG_tl{CnH[DnCvGbArCkKrCdA`@~HwF]~@gJrChA`AxGyGH~@kJ~ClAz@rG_K^GaRwM{E_AwDwDl@tB|E}AnExAnH
1822536169,}x|eGitl{CpIKHjC~Dt@xKOm@mH_CeA{AbKtEBt@{Au@aFiCkAiAjKzGeAmA{GwBe@gBxIyA`@NwQ{HwEqDvRoD}B
1820282504,ox|eGmrl{CjHmATdCvDv@~LUaAeH}Bo@kBdJbHQw@{GiC}@kBdJ~GCe@cHmC}@iBjJhHIy@mHeCw@mBhJhFkBx@|AsGT`BcJ
1816744213,_}{eGyxl{CsCa@u@vJrGS_AoH_CgAmB~IlHJgAmHqBy@oB|IfHAo@eGZ`H_GQZcGhAoA
1814102426,}x|eG{tl{CmAsCnCsQ}@kBeBj@aAsBqI{AkCwUtMgLfGgOdCkSkCwSL~ApCMdIuKyHjEeJd@InBdHtO@rLsFlUyPjPdBpTdQfH_BrQ
1812048918,q~{eGczl{CoAAgBrIpHBcAcH_Cy@aBjJfHIkAkHyB{@sBfJvHBiAiHuBy@mBjJpHQkAkHgCw@oArK~Gg@_BgIpAjI{GAjAoIpAH
1778686339,o}{eGeol{CvA[MuByDqEoBtIvHE_AgHaCs@oBxItHToA{HmCw@yApJrHIeA}GgCeAgB|IpHD?aBeAgEwBq@wAzElAzBlEd@yAlMzCrWNlP{GlBDkRiE}PkCgEiHsDmCwI|@qCcC_E`@mEbE@
1774139906,ir|eGo}j{CRnDtBY\{HoBSq@|Fn@pCvAu@T{ImBPm@nGr@zBvAsAZgGcAcBeB~HbA~BhAiAHyIuBPa@xFv@pChAu@b@oIoC\QrGnAfAnAsJqCVKnGz@~AnAqAXqG}@uAuAbAYjGz@dBrAyARwGqCISzGfAxAjAoARwGmCUBpI
1771641341,q}{eG{xl{C}Be@iAxIxGI_AgHkBaAqBtJ`HE_AkHeCy@kB|IjHVk@{GiCuAiBrJdHUgAkHkBi@}BpHx@pAxFa@wA{HyBc@_BlHLrAdCJnCa@JeBmAqE_Ci@kAtJ|Gu@oA{GiB{@oBzJ~FN\sDwDoEiBbJ`GTaFk@ZsG
1755220686,}majHghir@Tx\cH~Au@aj@cCqCJ_KyDiDKeDrFs[|KcO`K~b@c@p^pINNvJwBdCmPH
1746433844,cmajHeiir@XnBrPc@rAkGgAuFgEVr@kZaNsg@}OlYKjGuC~MfEnB~@pMjAz@|Anj@~FVh@u[
1737977358,inajHkiir@LhBnIKZgNvI{@rNkH`VxsAg@zEyJpHAxAxAlAD~B|JtJl@`DwCFeE_FwK_AkA}A@iIc\qCkI_DuGmGSkEeGoD^sNjT^xVeJk@oMpCMc@_HkQp@a@nM}Fh@aBmR
1729193573,mnajHciir@oBdCyNZxAzR_AfZrCVfC`IdIhF|E{@|EeJwGsd@qB[w@iCO_O
1722538519,emajHyhir@[bAxRc@f@tA_@bLwMjB~Gzc@aFvJsEToIeEwAkIeDe@e@{BDoi@jQeB
1716768850,_oajH}iir@LnBgRpBfC|O}B~YrCbAzCpJrHzDdFk@lEkJ_Gkf@lLMlAwLsQ[
1708643263,qlajHoiir@c@dCdIo@JkOvIGbKsFoBuKdCpCrJeIxLw@|EuUhWcAtOnUwKxQc\oF{F{EhBiCvBeQsDxTwLJeJvHkCcClBvLiDbAM|DiDh@a@|K}GT
1699887650,mmajHwgir@zNJCmLpP{HcCqIXwAjCnClIgHpI]tI`Gf[`EnLoPmOuUcW`AmFfVmM^oJxHcCeCW`BhCdIyHxDeCaJiEKyBl\mHY
1691346347,anajH_iir@|Sh@c@dVrPzSxDbJtCjVrAfAIjMpCzAm@dZvAz@nCsVvBk@MoAeL{MeFmWqE{FsRpDoBgAyGyc@_D{CUyJ
1684798678,anajH}gir@[hArTu@AvWtQqA`FeEp@aFsHc`@oN|DqUg`A{JjPU|OdD`Bp@bVpCRVtF`EPPfI]bDgAZ
1678483233,kdajHscir@_F}@vP[NfW~Mq@i@gRjCjGtBl@fA]p@iIgG}ZqM~FuV{`AuHfNiApMj@jEbC^j@lVtBOb@xF`EnA[rL
1671296273,inajHmhir@eU`MpCvPrLvAhDwCaAw_AcFUo@oOcFcAlBsH`@{`@fEbBvEfHpUzcArBP`BpN
1665805629,imajHwgir@pRVhA{EOiFiIoAp@iYcGs]cDuHoLvQmGt^tFnBNpMzAPf@fC`@zf@hGn@Du^
1658390039,mmajH{hir@jNf@SoLgBs@o@aDd@}HkJ\o@wCgKj@cFmDtD{MvAQh@~FhBa@fBxb@Bdh@nBzAtEiCDmZuD{@
1652341181,}majHwjir@N`CpSQc@xMyM`BhChR{DeAxBo@rAmFvAw~@cKp@aArEiCjAH~BjCRd@xEnDpAYtL
1628575028,qnajH}iir@}@xBsPv@eAgJlCwDuDaA]aSiAjCvLs`AxJrGhGv[fI`S~DvTvHiDeBmK|CzBgDwBvBhJuAjEcFrB{@zLySv@u@nN_B[e@eH
id,polyline
id,polyline
id,polyline
id,polyline
id,polyline
id,polyline
id,polyline
id,polyline
id,polyline
id,polyline
id,polyline
id,polyline
id,polyline
id,polyline
id,polyline
id,polyline
id,polyline
id,polyline
id,polyline
id,polyline
id,polyline
id,polyline
id,polyline
id,polyline
id,polyline
id,polyline
id,polyline
id,polyline
id,polyline
id,polyline
id,polyline
id,polyline
id,polyline
id,polyline
id,polyline
id,polyline
id,polyline
id,polyline
id,polyline
id,polyline
id,polyline
id,polyline
id,polyline
id,polyline
id,polyline
id,polyline
id,polyline
id,polyline
id,polyline
id,polyline
id,polyline
id,polyline
id,polyline
id,polyline
id,polyline
id,polyline
id,polyline
id,polyline
id,polyline
id,polyline
id,polyline
id,polyline
id,polyline
id,polyline
id,polyline
id,polyline
id,polyline
id,polyline
id,polyline
id,polyline
id,polyline
id,polyline
id,polyline
id,polyline
id,polyline
id,polyline
id,polyline
id,polyline
id,polyline
id,polyline
id,polyline
id,polyline
id,polyline
id,polyline
id,polyline
id,polyline
id,polyline
id,polyline
id,polyline
id,polyline
id,polyline
id,polyline
id,polyline
